time,open,high,low,close,volume,RSI,SMA_25,SMA_50,wave_tag,tag,strategy_signal
2025-05-30 17:43:00,104618.27,104872.04,104605.09,104861.7,33.4508,29.743739079790245,,,0,1,0
2025-05-30 17:44:00,104881.45,105045.01,104849.48,105045.01,38.889,40.35648655552883,,,0,0,0
2025-05-30 17:45:00,105045.01,105245.23,105045.01,105190.7,4.5459,46.60144751112175,,,0,0,0
2025-05-30 17:46:00,105140.89,105199.17,105140.89,105189.76,18.7994,49.92530766129991,,,0,0,0
2025-05-30 17:47:00,105189.76,105224.54,105094.83,105100.47,19.1203,47.96601031233177,,,0,0,0
2025-05-30 17:48:00,105100.47,105136.18,105067.56,105103.29,11.3618,46.63270948698166,,,0,0,0
2025-05-30 17:49:00,105103.29,105142.76,105087.31,105142.76,10.4879,47.28833638475616,,,0,0,0
2025-05-30 17:50:00,105142.76,105208.56,105115.51,105208.56,8.5254,51.49329963603903,,,0,0,0
2025-05-30 17:51:00,105208.56,105237.7,105171.9,105210.45,61.648,56.6752763543649,,,0,0,0
2025-05-30 17:52:00,105210.45,105303.51,105210.45,105303.51,14.0402,61.844644708509385,,,0,0,0
2025-05-30 17:53:00,105303.51,105329.83,105280.01,105329.83,14.116,71.56155727316589,,,0,0,0
2025-05-30 17:54:00,105329.83,105475.53,105329.83,105439.81,88.169,76.08037181979806,,,0,0,0
2025-05-30 17:55:00,105439.81,105594.9,105392.81,105519.7,93.336,87.70009020641437,,,0,0,0
2025-05-30 17:56:00,105519.7,105597.73,105499.03,105561.06,18.9854,91.96705987091056,,,0,0,0
2025-05-30 17:57:00,105561.06,105590.2,105534.75,105587.39,6.4514,90.04248744689107,,,0,0,0
2025-05-30 17:58:00,105571.4,105657.89,105571.4,105657.89,16.8402,88.62656616331002,,,0,0,0
2025-05-30 17:59:00,105657.89,105666.34,105644.73,105644.73,14.1622,84.35405033216813,,,0,0,0
2025-05-30 18:00:00,105644.73,105644.73,105541.33,105569.53,26.8665,75.83223366482159,,,0,0,0
2025-05-30 18:01:00,105569.53,105693.61,105556.37,105693.61,18.0951,88.52258852258845,,,0,0,0
2025-05-30 18:02:00,105693.61,105723.68,105671.04,105718.98,18.044,88.84920684998924,,,1,0,0
2025-05-30 18:03:00,105718.98,105746.25,105686.09,105686.09,26.9949,84.57045416947689,,,0,0,0
2025-05-30 18:04:00,105686.09,105686.09,105546.03,105546.03,6.8763,69.61829575974622,,,0,0,0
2025-05-30 18:05:00,105546.03,105593.03,105511.25,105532.87,22.3691,68.50096401028267,,,0,0,0
2025-05-30 18:06:00,105532.87,105559.18,105517.83,105532.87,7.128,64.73467814467426,,,0,0,0
2025-05-30 18:07:00,105532.87,105532.87,105436.98,105475.53,34.0409,59.00138387782326,105394.0852,,0,0,0
2025-05-30 18:08:00,105475.53,105493.39,105433.23,105433.23,7.223599999999999,49.55638854430709,105416.9464,,0,0,0
2025-05-30 18:09:00,105433.23,105463.31,105374.95,105386.23,26.8315,40.5841269841269,105430.5952,,0,0,0
2025-05-30 18:10:00,105386.23,105386.23,105330.76,105342.06,17.264400000000002,34.61127663162624,105436.6496,,0,0,0
2025-05-30 18:11:00,105373.06,105436.04,105354.26,105354.26,24.7194,33.28649470197675,105443.2296,,0,0,0
2025-05-30 18:12:00,105354.26,105409.73,105354.26,105409.73,5.0676,31.8171160609609,105455.6,,0,0,0
2025-05-30 18:13:00,105409.73,105409.73,105316.67,105320.43,7.7777,28.62340812613668,105464.2856,,2,0,0
2025-05-30 18:14:00,105320.43,105359.9,105320.43,105322.31,9.3113,31.96053822130113,105471.4676,,0,0,0
2025-05-30 18:15:00,105322.31,105353.33,105299.75,105332.65,15.7646,18.41884230419184,105476.4312,,0,0,0
2025-05-30 18:16:00,105332.65,105440.75,105332.65,105415.37,16.8155,25.859135219375688,105484.62799999998,,0,0,0
2025-05-30 18:17:00,105415.37,105474.59,105415.37,105474.59,6.0976,33.858904695036415,105491.4712,,0,0,0
2025-05-30 18:18:00,105474.59,105475.59,105453.9,105460.48,10.1714,41.917197331871854,105496.6972,,0,0,0
2025-05-30 18:19:00,105473.65,105515.95,105473.64,105515.95,6.428100000000001,48.519736842105424,105499.7428,,0,0,0
2025-05-30 18:20:00,105515.95,105528.17,105496.01,105496.03,8.4818,46.88556742864903,105498.796,,0,0,0
2025-05-30 18:21:00,105496.07,105593.97,105495.96,105593.97,6.1746,59.36966014809196,105500.1124,,0,0,0
2025-05-30 18:22:00,105593.97,105649.43,105593.97,105649.43,40.0173,66.75449473031603,105502.594,,0,0,0
2025-05-30 18:23:00,105649.43,105684.2,105649.42,105684.2,9.4718,73.53745043209004,105503.64639999998,,3,0,0
2025-05-30 18:24:00,105684.2,105695.48,105655.09,105683.26,13.232,78.92800217044748,105505.1876,,0,0,0
2025-05-30 18:25:00,105683.26,105685.15,105602.43,105602.43,18.0189,68.84730470707919,105506.5036,,0,0,0
2025-05-30 18:26:00,105602.43,105616.54,105583.62,105591.15,4.0855,64.7692858771041,105502.4052,,0,0,0
2025-05-30 18:27:00,105591.15,105612.76,105573.29,105587.39,9.72,75.24969733656238,105497.1416,,0,0,0
2025-05-30 18:28:00,105587.39,105628.75,105587.39,105628.75,5.4264,76.9696542983881,105494.84799999998,,0,0,0
2025-05-30 18:29:00,105628.75,105690.79,105628.75,105690.79,6.8518,78.89064567132424,105500.6384,,0,0,0
2025-05-30 18:30:00,105690.79,105699.25,105682.4,105687.97,8.7897,75.24448066380334,105506.8424,,0,0,0
2025-05-30 18:31:00,105687.97,105698.31,105661.65,105661.65,7.509,68.44700406295624,105511.9936,,0,0,0
2025-05-30 18:32:00,105661.65,105740.61,105661.65,105713.35,5.3147,73.2156956354097,105521.5064,105457.7958,0,0,0
2025-05-30 18:33:00,105713.35,105738.73,105627.81,105728.39,5.1302,71.06787258518835,105533.3128,105475.1296,0,0,0
2025-05-30 18:34:00,105694.54,105694.54,105625.93,105625.93,7.9288,61.07001636214838,105542.9008,105486.748,1,0,0
2025-05-30 18:35:00,105625.93,105654.12,105625.93,105630.62,10.8717,53.713498287635936,105554.4432,105495.5464,0,0,0
2025-05-30 18:36:00,105630.62,105712.4,105628.75,105712.4,19.3864,56.05725389099445,105568.7688,105505.9992,0,0,0
2025-05-30 18:37:00,105712.4,105749.06,105705.83,105705.83,17.3405,52.2000040684315,105580.6128,105518.1064,0,0,0
2025-05-30 18:38:00,105705.83,105739.67,105666.34,105739.67,27.3937,55.37760491143821,105597.3824,105530.834,0,0,0
2025-05-30 18:39:00,105739.67,105761.29,105714.29,105761.29,9.159,67.07144085282044,105614.9416,105543.2046,0,0,0
2025-05-30 18:40:00,105761.29,105794.18,105751.89,105794.18,9.1542,70.84967857216262,105633.4028,105554.917,0,0,0
2025-05-30 18:41:00,105794.18,105794.18,105756.59,105756.59,11.8882,66.24673528959914,105647.0516,105565.8398,0,0,0
2025-05-30 18:42:00,105756.59,105768.81,105746.25,105749.06,12.0962,62.35494670254076,105658.0304,105574.7508,0,0,0
2025-05-30 18:43:00,105738.73,105812.98,105738.73,105812.98,5.8787,62.49974425599003,105672.1304,105584.4138,0,0,0
2025-05-30 18:44:00,105812.98,105813.93,105804.53,105804.53,6.2955,61.78802588996754,105683.6736,105591.7082,0,0,0
2025-05-30 18:45:00,105804.53,105809.23,105777.26,105809.23,13.7181,65.60768222006078,105696.2016,105597.4988,0,0,0
2025-05-30 18:46:00,105809.23,105841.18,105809.23,105841.18,6.5852,64.1083371962117,105706.09,105603.1012,0,0,0
2025-05-30 18:47:00,105841.18,105880.67,105841.18,105880.67,21.816,65.94621764262428,105715.3396,105608.9668,0,0,0
2025-05-30 18:48:00,105880.67,105880.67,105868.45,105878.79,10.6253,83.54470681878671,105723.1232,105613.3848,0,0,0
2025-05-30 18:49:00,105878.79,105917.33,105868.45,105908.87,15.0315,84.58326083174009,105732.1476,105618.6676,2,0,0
2025-05-30 18:50:00,105908.87,105910.75,105860.93,105860.93,14.3143,70.15605916678055,105742.4876,105624.49559999998,0,0,0
2025-05-30 18:51:00,105856.23,105856.23,105812.04,105831.79,18.4432,66.1065930131445,105752.1132,105627.2592,1,0,0
2025-05-30 18:52:00,105831.79,105892.89,105831.79,105892.89,3.2493,68.31548245194625,105764.3332,105630.73739999998,0,0,0
2025-05-30 18:53:00,105876.9,105891.95,105876.9,105891.95,1.0584,66.4310865191149,105774.86119999998,105634.8546,0,0,0
2025-05-30 18:54:00,105860.93,105894.76,105836.48,105836.48,23.4205,55.03355704698013,105780.6888,105640.6636,0,0,0
2025-05-30 18:55:00,105836.48,105867.51,105826.15,105867.51,5.7277000000000005,63.408442531791934,105787.8704,105647.3564,0,0,0
2025-05-30 18:56:00,105867.51,105886.31,105831.79,105875.97,67.7413,65.30695935351564,105796.44319999998,105654.2184,0,0,0
2025-05-30 18:57:00,105875.97,105883.48,105872.2,105872.2,3.3312,58.35496613995447,105802.7972,105662.1518,0,0,0
2025-05-30 18:58:00,105872.2,105904.17,105872.2,105904.17,3.2772,63.18268416596002,105809.8284,105671.5706,0,0,0
2025-05-30 18:59:00,105904.17,105932.37,105904.17,105922.03,10.0749,64.42160171831773,105821.6724,105682.2866,2,2,0
2025-05-30 19:00:00,105922.03,105922.03,105835.54,105835.54,24.1822,49.36717382523239,105829.8692,105692.1562,3,0,0
2025-05-30 19:01:00,105835.54,105917.33,105835.54,105879.73,6.6562,49.895629774382414,105836.5624,105702.6656,0,0,0
2025-05-30 19:02:00,105879.73,105879.73,105843.06,105859.98,9.3909,47.991200153784106,105842.7284,105711.6706,0,0,0
2025-05-30 19:03:00,105859.98,105890.06,105847.76,105866.56,5.7084,45.24275337875884,105847.804,105722.5932,0,0,0
2025-05-30 19:04:00,105866.56,105866.56,105847.76,105866.56,4.9551,50.70951480781402,105852.0148,105733.4782,0,0,0
2025-05-30 19:05:00,105857.17,105881.61,105851.53,105881.61,1.1206,56.50969529085908,105855.51200000002,105744.45739999998,0,0,0
2025-05-30 19:06:00,105881.61,105883.48,105875.03,105883.48,0.7222999999999999,48.54528027703014,105860.5876,105753.8196,0,0,0
2025-05-30 19:07:00,105890.06,105901.34,105890.06,105901.34,1.3741,51.37946231820168,105866.6788,105762.3546,0,0,0
2025-05-30 19:08:00,105901.34,105954.93,105901.34,105954.93,15.9704,67.497858008094,105872.3568,105772.2436,0,0,0
2025-05-30 19:09:00,105954.93,105979.37,105917.33,105917.33,20.8734,57.21945281706553,105876.8688,105780.2712,0,0,0
2025-05-30 19:10:00,105917.33,105924.84,105910.75,105924.84,7.5672,57.101339765758354,105881.4932,105788.84739999998,0,0,0
2025-05-30 19:11:00,105924.84,105924.84,105924.84,105924.84,0.9606,57.73389750822763,105884.8396,105795.4648,0,0,0
2025-05-30 19:12:00,105924.84,105924.84,105869.36,105869.4,7.7797,45.22114406663121,105884.3888,105799.8642,0,0,0
2025-05-30 19:13:00,105869.4,105869.4,105859.98,105859.98,0.2838,41.26917123962228,105883.6364,105803.3798,0,0,0
2025-05-30 19:47:00,105780.09,105790.43,105761.29,105774.45,7.5594,41.38096447416701,105878.2596,105805.2036,0,0,0
2025-05-30 19:48:00,105774.45,105774.45,105717.11,105761.29,5.0159,31.68604651162676,105874.274,105808.38079999998,0,0,0
2025-05-30 19:49:00,105775.39,105775.39,105720.87,105770.68,12.4607,35.73482428114903,105871.8296,105811.9714,0,0,0
2025-05-30 19:50:00,105770.68,105770.68,105734.03,105761.29,4.2248,33.333333333331794,105866.5656,105815.4494,0,0,0
2025-05-30 19:51:00,105761.29,105809.23,105761.29,105809.23,5.3188,42.11958762886543,105863.2568,105819.05899999998,0,0,0
2025-05-30 19:52:00,105809.23,105845.89,105809.23,105845.89,3.4963,45.3653726385714,105863.6332,105822.161,0,0,0
2025-05-30 19:53:00,105845.89,105887.25,105831.79,105887.25,7.4208,50.443686006826425,105864.4228,105826.1466,0,0,0
2025-05-30 19:54:00,105887.25,105899.47,105883.48,105883.48,4.2161,47.8259811081896,105864.7232,105830.5832,0,0,0
2025-05-30 19:55:00,105883.48,105933.31,105883.48,105933.31,8.7712,47.34398034398092,105867.1676,105834.98239999998,0,0,0
2025-05-30 19:56:00,105933.31,105938.01,105918.26,105918.26,9.9183,50.12095200936312,105867.7312,105838.7798,0,0,0
2025-05-30 19:57:00,105918.26,105923.9,105918.26,105923.9,2.1457,49.87714987714958,105867.806,105844.7392,0,0,0
2025-05-30 19:58:00,105923.9,105962.45,105923.9,105962.45,5.0877,54.46536698881568,105872.8824,105851.3758,0,0,0
2025-05-30 19:59:00,105962.45,105962.45,105879.73,105879.73,28.8679,51.15184763943728,105872.8824,105854.7224,0,0,0
2025-05-30 20:00:00,105879.73,105886.04,105879.72,105886.04,3.9473,52.926117224342775,105873.92479999998,105858.3266,0,0,0
2025-05-30 20:01:00,105859.98,105921.09,105859.98,105915.2,3.0251,68.09451572262259,105875.8704,105861.8372,0,0,0
2025-05-30 20:02:00,105915.2,105938.01,105915.19,105930.48,5.2904,71.63278353151705,105878.4272,105865.221,0,0,0
2025-05-30 20:03:00,105930.48,105975.61,105930.48,105946.47,4.0718,72.1036087011188,105881.02159999998,105868.2668,0,0,0
2025-05-30 20:04:00,105925.79,105940.83,105925.79,105925.79,1.1915,70.11297500855717,105882.71399999998,105871.6508,0,0,0
2025-05-30 20:05:00,105922.03,105922.03,105861.86,105861.87,3.8364,56.1941071260468,105881.1352,105873.907,0,0,0
2025-05-30 20:06:00,105861.87,105912.62,105861.87,105899.47,14.1841,56.29079979335909,105878.9168,105875.6368,0,0,0
2025-05-30 20:07:00,105899.47,105933.31,105899.47,105933.31,3.426,55.50509155232525,105879.556,105878.2124,0,0,0
2025-05-30 20:08:00,105933.31,105933.31,105933.31,105933.31,1.7304,56.00984152254132,105879.89479999998,105880.694,0,0,0
2025-05-30 20:09:00,105899.47,105899.47,105575.17,105676.68,12.1664,29.34966284178552,105869.9684,105877.40399999998,0,0,0
2025-05-30 20:10:00,105664.47,105664.47,105302.56,105432.29,73.3894,21.4373875938928,105852.484,105868.4364,0,0,0
2025-05-30 20:11:00,105426.64,105439.81,105153.11,105240.53,72.472,17.045224385869204,105827.706,105855.6712,1,0,0
2025-05-30 20:12:00,105240.53,105422.89,105240.53,105348.62,55.0527,22.259280349250417,105810.6728,105844.4662,0,0,0
2025-05-30 20:13:00,105348.62,105348.62,105247.11,105268.73,25.4772,22.31636370226745,105790.9704,105832.6222,0,0,0
2025-05-30 20:14:00,105268.73,105417.25,105257.45,105369.31,56.8062,28.43021848206348,105774.9156,105823.3726,0,0,0
2025-05-30 20:15:00,105369.31,105465.18,105348.62,105410.67,17.0996,29.15182519152755,105760.8908,105813.7282,0,0,0
2025-05-30 20:16:00,105410.67,105436.04,105349.56,105436.04,5.1217,29.73772641586756,105745.9632,105804.61,0,0,0
2025-05-30 20:17:00,105436.04,105463.31,105364.61,105452.03,28.8844,29.73772641586756,105730.2088,105796.921,0,0,0
2025-05-30 20:18:00,105452.03,105481.17,105425.7,105481.17,21.8491,31.90483167285292,105713.9656,105789.1942,0,0,0
2025-05-30 20:19:00,105495.26,105519.7,105495.26,105514.06,19.1702,35.47802560269898,105699.1888,105781.956,2,0,0
2025-05-30 20:20:00,105514.06,105514.06,105428.53,105436.98,13.216,31.30613333764451,105679.3356,105773.2516,0,0,0
2025-05-30 20:21:00,105458.61,105503.73,105458.61,105471.76,6.9067,31.35829395371364,105661.4756,105764.6034,0,0,0
2025-05-30 20:22:00,105450.14,105465.18,105438.87,105457.67,14.5935,31.005399188524265,105642.8264,105755.3162,0,0,0
2025-05-30 20:23:00,105457.67,105457.67,105366.48,105366.48,8.4255,35.72611816675871,105618.9876,105745.935,0,0,0
2025-05-30 20:24:00,105366.48,105366.48,105254.62,105341.11,42.0521,44.74515318472104,105597.4428,105735.1626,3,0,0
2025-05-30 20:25:00,105341.11,105451.09,105341.11,105439.81,10.254,62.86474203377586,105579.5936,105726.7592,0,0,0
2025-05-30 20:26:00,105439.81,105453.9,105380.59,105380.59,9.306,52.20285261489708,105558.2092,105717.0398,0,0,0
2025-05-30 20:27:00,105380.59,105469.89,105380.59,105469.89,6.3122,63.68323674257912,105539.7856,105709.1064,0,0,0
2025-05-30 20:28:00,105469.89,105499.03,105469.89,105495.26,12.3019,59.54383572023935,105521.7372,105701.3794,0,0,0
2025-05-30 20:29:00,105495.26,105550.78,105495.26,105550.75,8.7876,60.39199976260442,105506.7356,105694.72479999998,0,0,0
2025-05-30 20:30:00,105550.75,105750.95,105524.09,105750.95,28.4015,68.550087769937,105502.2988,105691.717,0,0,0
2025-05-30 20:31:00,105750.95,105779.15,105656.01,105669.17,76.8207,61.870763175158615,105493.0868,105686.0018,0,0,0
2025-05-30 20:32:00,105669.17,105755.65,105669.17,105714.29,13.3651,62.52552171763839,105484.326,105681.941,0,0,0
2025-05-30 20:33:00,105714.29,105783.84,105714.29,105738.73,8.1123,62.18212182664053,105476.5428,105678.2188,0,0,0
2025-05-30 20:35:00,105813.93,105828.97,105786.67,105787.61,10.5608,69.61171456378058,105480.98,105675.47419999998,0,0,0
2025-05-30 20:36:00,105787.61,105809.23,105766.93,105776.33,9.5839,67.495375848719,105494.7416,105673.6128,0,0,0
2025-05-30 20:37:00,105766.93,105807.34,105766.93,105767.87,11.0576,67.93478260869543,105515.8352,105671.7706,0,0,0
2025-05-30 20:38:00,105767.87,105767.87,105741.54,105741.54,8.6242,73.44300822561671,105531.552,105671.1124,0,0,0
2025-05-30 20:39:00,105741.54,105741.54,105719.93,105738.73,8.4747,75.57436517533208,105550.352,105670.66120000002,0,0,0
2025-05-30 20:40:00,105738.72,105831.79,105719.93,105831.79,9.5008,75.39585870889115,105568.8512,105671.8834,0,0,0
2025-05-30 20:41:00,105831.79,105831.79,105793.25,105797.01,19.5995,77.86163522012556,105584.3048,105672.5978,0,0,0
2025-05-30 20:42:00,105797.01,105919.2,105797.01,105919.2,32.8275,78.7949089324393,105603.6312,105674.7972,0,0,0
2025-05-30 20:43:00,105919.2,105951.17,105912.62,105938.95,15.1741,78.64105245491035,105623.108,105676.6584,0,0,0
2025-05-30 20:44:00,105938.95,105979.07,105920.14,105920.15,21.3604,75.03117038000704,105640.66719999998,105677.31639999998,0,0,0
2025-05-30 20:45:00,105920.15,105920.15,105889.12,105904.17,11.5959,63.8370118845501,105656.2716,105677.7302,0,0,0
2025-05-30 20:46:00,105904.17,105972.81,105904.17,105972.76,4.3381,78.0857401890943,105677.7028,105678.5192,0,0,0
2025-05-30 20:47:00,105972.76,105976.54,105972.76,105972.79,1.9897,76.09108159392764,105697.744,105679.6098,0,0,0
2025-05-30 22:58:00,105434.17,105434.17,105380.59,105380.59,4.8765,33.156498673740074,105694.6608,105668.7436,0,0,0
2025-05-30 22:59:00,105380.59,105414.43,105354.26,105373.06,5.3087,29.714520596208345,105694.924,105656.9558,0,0,0
2025-05-30 23:00:00,105373.06,105373.06,105304.44,105325.12,44.0555,28.68534177334746,105694.28440000002,105645.8636,0,0,0
2025-05-30 23:01:00,105325.12,105424.76,105325.12,105389.98,15.735,33.05198008700711,105692.2912,105635.9424,0,0,0
2025-05-30 23:02:00,105389.98,105438.87,105318.54,105347.68,17.9181,32.585203657522726,105690.97479999998,105624.592,0,0,0
2025-05-30 23:03:00,105347.68,105410.67,105318.39,105410.67,16.4275,36.22753988245182,105688.606,105614.1958,0,0,0
2025-05-30 23:04:00,105410.67,105483.04,105401.26,105483.04,14.8558,35.10010168246018,105688.1172,105604.9272,0,0,0
2025-05-30 23:05:00,105499.97,105583.62,105484.93,105567.65,12.6558,40.60107856475484,105688.7932,105597.7644,0,0,0
2025-05-30 23:06:00,105557.31,105593.97,105539.45,105569.53,40.646,34.1034523517272,105681.5364,105591.9176,0,0,0
2025-05-30 23:07:00,105550.73,105590.2,105541.33,105590.2,2.8326,34.15852827617533,105678.37759999998,105585.7322,0,0,0
2025-05-30 23:08:00,105590.2,105599.61,105559.18,105559.18,4.9355,33.78348023756253,105672.1732,105578.2496,0,0,0
