time,open,high,low,close,volume,amount,trades
2025-06-30 19:14:00,107713.67,107713.67,107713.67,107713.67,0.0274,2951.354558,8
2025-06-30 19:14:00,107713.67,107713.67,107713.67,107713.67,0.0299,3220.638733,9
2025-06-30 19:14:00,107713.67,107713.67,107713.67,107713.67,0.115,12387.07205,10
2025-06-30 19:14:00,107713.67,107713.67,107713.67,107713.67,0.1172,12624.042124,11
2025-06-30 19:14:00,107713.67,107713.67,107713.67,107713.67,0.122,13141.06774,12
2025-06-30 19:14:00,107713.67,107713.67,107713.67,107713.67,0.1241,13367.266447,13
2025-06-30 19:14:00,107713.67,107713.67,107713.67,107713.67,0.1247,13431.894649,14
2025-06-30 19:14:00,107713.67,107713.68,107713.67,107713.68,0.1894,20400.969745,15
2025-06-30 19:14:00,107713.67,107713.72,107713.67,107713.72,0.1962,21133.423041,16
2025-06-30 19:14:00,107713.67,107713.72,107713.67,107713.67,0.2181,23492.352414,17
2025-06-30 19:14:00,107713.67,107713.72,107713.67,107713.67,0.2317,24957.258326,18
2025-06-30 19:14:00,107713.67,107713.72,107713.67,107713.7,0.2336,25161.914356,19
2025-06-30 19:14:00,107713.67,107713.92,107713.67,107713.92,0.2676,28824.187012,21
2025-06-30 19:14:00,107713.67,107713.92,107713.67,107713.85,0.28,30159.838752,22
2025-06-30 19:14:00,107713.67,107713.92,107713.67,107713.9,0.2942,31689.376132,23
2025-06-30 19:14:00,107713.67,107713.98,107713.67,107713.98,0.2956,31840.175704,24
2025-06-30 19:14:00,107713.67,107714.03,107713.67,107714.03,0.3054,32895.773198,25
2025-06-30 19:14:00,107713.67,107714.03,107713.67,107714.03,0.3216,34640.740484,26
2025-06-30 19:14:00,107713.67,107714.03,107713.67,107714.03,0.3229,34780.768723,27
2025-06-30 19:14:00,107713.67,107714.06,107713.67,107714.06,0.3314,35696.338233,28
2025-06-30 19:14:00,107713.67,107714.06,107713.67,107713.88,0.3378,36385.707065,29
2025-06-30 19:14:00,107713.67,107714.06,107713.67,107713.86,0.3907,42083.770259,30
2025-06-30 19:15:00,107713.86,107713.86,107713.86,107713.86,0.0,0.0,0
2025-06-30 19:15:00,107713.86,107713.87,107713.86,107713.87,0.041,4416.26867,1
2025-06-30 19:15:00,107713.86,107713.93,107713.86,107713.93,0.2344,25248.142732,2
2025-06-30 19:15:00,107713.86,107719.31,107713.86,107719.31,1.1074,119287.100362,3
2025-06-30 19:15:00,107713.86,107720.25,107713.86,107720.25,1.1282,121527.681562,4
2025-06-30 19:15:00,107713.86,107720.25,107713.86,107720.25,1.1334,122087.826862,5
2025-06-30 19:15:00,107713.86,107720.25,107713.86,107720.25,1.1593,124877.781337,6
2025-06-30 19:15:00,107713.86,107720.25,107713.86,107720.25,1.1597,124920.869437,7
2025-06-30 19:15:00,107713.86,107720.25,107713.86,107720.25,1.1639,125373.294487,8
2025-06-30 19:15:00,107713.86,107720.25,107713.86,107720.25,1.1691,125933.439787,9
2025-06-30 19:15:00,107713.86,107720.25,107713.86,107720.25,1.1825,127376.891137,10
2025-06-30 19:15:00,107713.86,107720.25,107713.86,107720.25,1.2519,134852.676487,11
2025-06-30 19:15:00,107713.86,107720.25,107713.86,107720.25,1.3105,141165.083137,12
2025-06-30 19:15:00,107713.86,107720.25,107713.86,107720.25,1.3439,144762.939487,13
2025-06-30 19:15:00,107713.86,107720.25,107713.86,107720.25,1.3555,146012.494387,14
2025-06-30 19:15:00,107713.86,107720.25,107713.86,107720.25,1.3583,146314.111087,15
2025-06-30 19:15:00,107713.86,107720.25,107713.86,107720.25,1.3671,147262.049287,16
2025-06-30 19:15:00,107713.86,107720.25,107713.86,107720.25,1.4159,152518.797487,17
2025-06-30 19:15:00,107713.86,107720.25,107713.86,107720.25,1.7914,192967.751362,18
2025-06-30 19:15:00,107713.86,107720.25,107713.86,107720.25,1.8015,194055.725887,19
2025-06-30 19:15:00,107713.86,107720.25,107713.86,107720.25,1.8307,197201.157187,21
2025-06-30 19:15:00,107713.86,107720.25,107713.86,107720.25,1.9771,212971.401787,22
2025-06-30 19:15:00,107713.86,107720.25,107713.86,107720.25,1.9822,213520.775062,23
2025-06-30 19:15:00,107713.86,107720.25,107713.86,107720.25,1.984,213714.671512,24
2025-06-30 19:15:00,107713.86,107720.25,107713.86,107720.25,1.9869,214027.060237,25
2025-06-30 19:15:00,107713.86,107720.25,107713.86,107720.25,1.9904,214404.081112,26
2025-06-30 19:16:00,107709.9,107709.9,107709.9,107709.9,0.0,0.0,0
2025-06-30 19:16:00,107709.9,107709.9,107709.9,107709.9,0.0083,893.99217,1
2025-06-30 19:16:00,107709.9,107709.9,107709.9,107709.9,0.0111,1195.57989,2
2025-06-30 19:16:00,107709.9,107709.9,107709.9,107709.9,0.0118,1270.97682,3
2025-06-30 19:16:00,107709.9,107709.9,107709.9,107709.9,0.0162,1744.90038,4
2025-06-30 19:16:00,107709.9,107709.9,107709.9,107709.9,0.0237,2552.72463,5
2025-06-30 19:16:00,107709.9,107709.9,107709.9,107709.9,0.0343,3694.44957,6
2025-06-30 19:16:00,107709.9,107709.9,107709.9,107709.9,0.0354,3812.93046,7
2025-06-30 19:16:00,107709.9,107709.9,107709.9,107709.9,0.0361,3888.32739,8
2025-06-30 19:16:00,107709.9,107709.9,107709.9,107709.9,0.0394,4243.77006,9
2025-06-30 19:16:00,107709.9,107709.9,107709.9,107709.9,0.0473,5094.67827,10
2025-06-30 19:16:00,107709.9,107709.9,107709.9,107709.9,0.0603,6494.90697,11
2025-06-30 19:16:00,107709.9,107709.9,107709.9,107709.9,0.0607,6537.99093,12
2025-06-30 19:16:00,107709.9,107709.9,107709.9,107709.9,0.0694,7475.06706,13
2025-06-30 19:16:00,107709.9,107709.9,107709.9,107709.9,0.0978,10534.02822,14
2025-06-30 19:16:00,107709.9,107709.9,107709.9,107709.9,0.1003,10803.30297,15
2025-06-30 19:16:00,107709.9,107709.9,107709.9,107709.9,0.1017,10954.09683,16
2025-06-30 19:16:00,107709.9,107709.9,107709.9,107709.9,0.1087,11708.06613,17
2025-06-30 19:16:00,107709.9,107709.9,107709.9,107709.9,0.1156,12451.26444,18
2025-06-30 19:16:00,107709.9,107709.9,107709.9,107709.9,0.1638,17642.88162,19
2025-06-30 19:16:00,107709.9,107709.9,107709.9,107709.9,0.2248,24213.18552,20
2025-06-30 19:16:00,107709.9,107709.9,107709.9,107709.9,0.2508,27013.64292,21
2025-06-30 19:16:00,107709.9,107713.67,107709.9,107713.67,0.3224,34725.941692,22
2025-06-30 19:16:00,107709.9,107713.67,107709.9,107713.67,0.3343,36007.734365,24
2025-06-30 19:16:00,107709.9,107713.67,107709.9,107713.67,0.3362,36212.390338,25
2025-06-30 19:16:00,107709.9,107713.67,107709.9,107713.67,0.3416,36794.044156,26
2025-06-30 19:16:00,107709.9,107713.67,107709.9,107713.67,0.3565,38398.977839,27
2025-06-30 19:16:00,107709.9,107713.67,107709.9,107713.67,0.3634,39142.202162,28
2025-06-30 19:16:00,107709.9,107713.67,107709.9,107713.67,0.3851,41479.588801,29
2025-06-30 19:17:00,107713.67,107713.67,107713.67,107713.67,0.0,0.0,0
2025-06-30 19:17:00,107713.67,107713.67,107713.67,107713.67,0.0022,236.970074,1
2025-06-30 19:17:00,107713.67,107713.67,107713.67,107713.67,0.0225,2423.557575,2
2025-06-30 19:17:00,107713.67,107713.67,107713.67,107713.67,0.0241,2595.899447,3
2025-06-30 19:17:00,107713.67,107716.48,107713.67,107716.48,0.0625,6732.212279,4
2025-06-30 19:17:00,107713.67,107716.48,107713.67,107716.48,0.0626,6742.983927,5
2025-06-30 19:17:00,107713.67,107728.7,107713.67,107728.7,0.2928,31542.130667,6
2025-06-30 19:17:00,107713.67,107728.7,107713.67,107728.7,0.2983,32134.638517,7
2025-06-30 19:17:00,107713.67,107728.7,107713.67,107728.7,0.2989,32199.275737,8
2025-06-30 19:17:00,107713.67,107728.7,107713.67,107728.7,0.2998,32296.231567,9
2025-06-30 19:17:00,107713.67,107728.7,107713.67,107728.7,0.3026,32597.871927,10
2025-06-30 19:17:00,107713.67,107728.7,107713.67,107728.7,0.3037,32716.373497,11
2025-06-30 19:17:00,107713.67,107728.7,107713.67,107728.7,0.3985,42929.054257,12
2025-06-30 19:17:00,107713.67,107728.7,107713.67,107728.7,0.4031,43424.606277,13
2025-06-30 19:17:00,107713.67,107739.98,107713.67,107739.98,0.5573,60038.111193,14
2025-06-30 19:17:00,107713.67,107739.98,107713.67,107739.98,0.5631,60663.003077,15
2025-06-30 19:17:00,107713.67,107739.98,107713.67,107739.98,0.5784,62311.424771,16
2025-06-30 19:17:00,107713.67,107739.98,107713.67,107739.98,0.5826,62763.932687,17
2025-06-30 19:17:00,107713.67,107778.53,107713.67,107778.53,2.9564,318608.607201,18
2025-06-30 19:17:00,107713.67,107778.53,107713.67,107778.53,3.297,355317.974519,20
2025-06-30 19:17:00,107713.67,107778.53,107713.67,107778.53,3.3116,356891.541057,21
2025-06-30 19:17:00,107713.67,107778.53,107713.67,107778.53,3.368,362970.250149,22
2025-06-30 19:17:00,107713.67,107789.81,107713.67,107789.81,3.7081,399629.56453,23
2025-06-30 19:17:00,107713.67,107789.81,107713.67,107789.81,3.8,409535.448069,24
2025-06-30 19:17:00,107713.67,107789.81,107713.67,107789.81,3.8038,409945.049347,25
2025-06-30 19:18:00,107789.81,107789.81,107789.81,107789.81,0.0,0.0,0
2025-06-30 19:18:00,107789.81,107789.81,107789.81,107789.81,0.0436,4699.635716,1
2025-06-30 19:18:00,107789.81,107789.81,107786.04,107786.04,0.1317,14195.58584,2
2025-06-30 19:18:00,107789.81,107789.81,107774.76,107774.76,0.2664,28712.846012,3
2025-06-30 19:18:00,107789.81,107789.81,107774.76,107774.76,0.2678,28863.730676,4
2025-06-30 19:18:00,107789.81,107789.81,107774.76,107774.76,0.3401,36655.845824,5
2025-06-30 19:18:00,107789.81,107789.81,107774.76,107774.76,0.3467,37367.15924,7
2025-06-30 19:18:00,107789.81,107789.81,107774.76,107774.76,0.3582,38606.56898,8
2025-06-30 19:18:00,107789.81,107789.81,107774.76,107774.76,0.3593,38725.121216,9
2025-06-30 19:18:00,107789.81,107789.81,107774.76,107774.76,0.3632,39145.44278,10
2025-06-30 19:18:00,107789.81,107789.81,107774.76,107774.76,0.3744,40352.520092,11
2025-06-30 19:18:00,107789.81,107789.81,107774.76,107774.76,0.376,40524.959708,12
2025-06-30 19:18:00,107789.81,107791.68,107774.76,107791.68,0.7789,83954.22758,14
2025-06-30 19:18:00,107789.81,107799.2,107774.76,107799.2,0.8105,87360.6823,15
2025-06-30 19:18:00,107789.81,107799.2,107774.76,107799.2,0.8973,96717.65286,16
2025-06-30 19:18:00,107789.81,107810.48,107774.76,107810.48,2.0152,217238.988452,17
2025-06-30 19:18:00,107789.81,107810.48,107774.76,107810.48,2.0218,217950.53762,18
2025-06-30 19:18:00,107789.81,107810.48,107774.76,107810.48,2.0315,218996.299276,19
2025-06-30 19:18:00,107789.81,107810.48,107774.76,107810.48,2.0449,220440.959708,20
2025-06-30 19:18:00,107789.81,107810.48,107774.76,107810.48,2.0492,220904.544772,21
2025-06-30 19:18:00,107789.81,107810.48,107774.76,107810.48,2.0499,220980.012108,22
2025-06-30 19:18:00,107789.81,107810.48,107774.76,107810.48,2.0744,223621.368868,23
2025-06-30 19:18:00,107789.81,107810.48,107774.76,107810.48,2.0903,225335.5555,24
2025-06-30 19:18:00,107789.81,107810.48,107774.76,107810.48,2.1035,226758.653836,25
2025-06-30 19:18:00,107789.81,107810.48,107774.76,107810.48,2.1063,227060.52318,26
2025-06-30 19:18:00,107789.81,107810.48,107774.76,107810.48,2.1101,227470.203004,27
2025-06-30 19:18:00,107789.81,107810.48,107774.76,107810.48,2.1137,227858.320732,28
2025-06-30 19:18:00,107789.81,107810.48,107774.76,107810.48,2.1216,228710.023524,29
2025-06-30 19:18:00,107789.81,107810.48,107774.76,107810.48,2.1249,229065.798108,30
2025-06-30 19:18:00,107789.81,107810.48,107774.76,107810.48,2.1289,229497.040028,31
2025-06-30 19:19:00,107810.48,107810.48,107810.48,107810.48,0.0,0.0,0
2025-06-30 19:19:00,107810.48,107810.48,107810.48,107810.48,0.0028,301.869344,1
2025-06-30 19:19:00,107810.48,107810.48,107810.48,107810.48,0.0038,409.679824,2
2025-06-30 19:19:00,107810.48,107810.48,107810.48,107810.48,0.0124,1336.849952,3
2025-06-30 19:19:00,107810.48,107811.43,107810.48,107811.43,0.0142,1530.910526,4
2025-06-30 19:19:00,107810.48,107811.43,107810.48,107811.43,0.016,1724.9711,5
2025-06-30 19:19:00,107810.48,107811.43,107801.09,107801.09,0.2492,26864.185288,6
2025-06-30 19:19:00,107810.48,107811.43,107786.98,107786.98,0.4454,48011.990764,7
2025-06-30 19:19:00,107810.48,107811.43,107786.98,107786.98,0.7675,82730.177022,9
2025-06-30 19:19:00,107810.48,107811.43,107786.98,107786.98,0.7706,83064.31666,10
2025-06-30 19:19:00,107810.48,107811.43,107786.98,107786.98,0.7707,83075.095358,11
2025-06-30 19:19:00,107810.48,107811.43,107786.98,107786.98,0.8171,88076.41123,12
2025-06-30 19:19:00,107810.48,107811.43,107786.98,107786.98,0.8359,90102.806454,13
2025-06-30 19:19:00,107810.48,107811.43,107786.98,107786.98,0.8365,90167.478642,14
2025-06-30 19:19:00,107810.48,107811.43,107786.98,107786.98,1.7763,191465.682446,15
2025-06-30 19:19:00,107810.48,107811.43,107786.98,107786.98,1.7769,191530.354634,16
2025-06-30 19:19:00,107810.48,107811.43,107786.98,107786.98,2.0876,225019.76932,22
2025-06-30 19:19:00,107810.48,107811.43,107786.98,107786.98,2.0896,225235.34328,24
2025-06-30 19:19:00,107810.48,107811.43,107786.98,107786.98,2.0987,226216.204798,25
2025-06-30 19:19:00,107810.48,107811.43,107786.98,107786.98,2.0991,226259.31959,26
2025-06-30 19:19:00,107810.48,107811.43,107786.98,107786.98,2.1008,226442.557456,27
2025-06-30 19:19:00,107810.48,107811.43,107786.98,107786.98,2.1032,226701.246208,29
2025-06-30 19:20:00,107814.25,107814.25,107814.25,107814.25,0.0,0.0,0
2025-06-30 19:20:00,107814.25,107814.25,107814.25,107814.25,0.1808,19492.8164,1
2025-06-30 19:20:00,107814.25,107814.25,107814.25,107814.25,0.1971,21250.188675,2
2025-06-30 19:20:00,107814.25,107814.31,107814.25,107814.31,0.2319,25002.126663,3
2025-06-30 19:20:00,107814.25,107814.31,107814.25,107814.3,0.2503,26985.909783,4
2025-06-30 19:20:00,107814.25,107814.31,107811.33,107811.33,0.2532,27298.56264,5
2025-06-30 19:20:00,107814.25,107814.31,107811.33,107811.41,0.2648,28549.174996,6
2025-06-30 19:20:00,107814.25,107814.31,107811.33,107811.43,0.5385,58057.160673,8
2025-06-30 19:20:00,107814.25,107814.31,107811.33,107811.43,0.5393,58143.409817,9
2025-06-30 19:20:00,107814.25,107814.31,107811.33,107811.4,0.5496,59253.867237,10
2025-06-30 19:20:00,107814.25,107814.31,107811.33,107811.43,0.7728,83317.378413,11
2025-06-30 19:20:00,107814.25,107814.31,107811.33,107811.42,0.7741,83457.533259,12
2025-06-30 19:20:00,107814.25,107814.31,107811.33,107811.47,0.7843,84557.210253,13
2025-06-30 19:20:00,107814.25,107814.31,107811.33,107811.42,0.7845,84578.772537,14
2025-06-30 19:20:00,107814.25,107814.31,107811.33,107811.48,0.7943,85635.325041,15
2025-06-30 19:20:00,107814.25,107814.31,107811.33,107811.47,0.7951,85721.574217,16
2025-06-30 19:20:00,107814.25,107814.31,107811.33,107811.47,0.8003,86282.193861,17
2025-06-30 19:20:00,107814.25,107814.31,107811.33,107811.48,0.8169,88071.864429,18
2025-06-30 19:20:00,107814.25,107814.31,107811.33,107811.43,0.8172,88104.207858,19
2025-06-30 19:20:00,107814.25,107814.31,107811.33,107811.39,0.8301,89494.974789,20
2025-06-30 19:20:00,107814.25,107814.31,107811.33,107811.38,0.8308,89570.442755,21
2025-06-30 19:20:00,107814.25,107814.31,107811.22,107811.22,0.8381,90357.464661,22
2025-06-30 19:20:00,107814.25,107814.31,107811.18,107811.18,0.8386,90411.370251,23
2025-06-30 19:20:00,107814.25,107814.31,107811.18,107811.23,0.8388,90432.932497,24
2025-06-30 19:20:00,107814.25,107814.31,107811.18,107811.24,0.8488,91511.044897,25
2025-06-30 19:20:00,107814.25,107814.31,107811.18,107811.25,0.8498,91618.856147,26
2025-06-30 19:20:00,107814.25,107814.31,107811.18,107811.22,0.853,91963.852051,27
2025-06-30 19:21:00,107811.22,107811.22,107811.22,107811.22,0.0,0.0,0
2025-06-30 19:21:00,107811.22,107811.26,107811.22,107811.26,0.0023,247.965898,1
2025-06-30 19:21:00,107811.22,107811.33,107811.22,107811.33,0.0081,873.271612,2
2025-06-30 19:21:00,107811.22,107814.25,107811.22,107814.25,0.0376,4053.791987,3
2025-06-30 19:21:00,107811.22,107814.25,107811.22,107814.25,0.043,4635.988937,4
2025-06-30 19:21:00,107811.22,107814.25,107811.22,107814.25,0.0438,4722.240337,5
2025-06-30 19:21:00,107811.22,107814.25,107811.22,107814.25,0.0507,5466.158662,6
2025-06-30 19:21:00,107811.22,107814.25,107811.22,107814.25,0.0544,5865.071387,7
2025-06-30 19:21:00,107811.22,107814.25,107811.22,107814.25,0.0602,6490.394037,8
2025-06-30 19:21:00,107811.22,107814.25,107811.22,107814.25,0.061,6576.645437,9
2025-06-30 19:21:00,107811.22,107814.25,107811.22,107814.25,0.0712,7676.350787,10
2025-06-30 19:21:00,107811.22,107814.25,107811.22,107814.25,0.077,8301.673437,11
2025-06-30 19:21:00,107811.22,107814.25,107811.22,107814.25,0.0898,9681.695837,12
2025-06-30 19:21:00,107811.22,107814.25,107811.22,107814.25,0.3545,38220.127812,13
2025-06-30 19:21:00,107811.22,107814.25,107811.22,107814.25,0.3568,38468.100587,14
2025-06-30 19:21:00,107811.22,107814.25,107811.22,107814.25,0.476,51319.559187,15
2025-06-30 19:21:00,107811.22,107814.25,107811.22,107814.25,0.4762,51341.122037,16
2025-06-30 19:21:00,107811.22,107814.25,107811.22,107814.25,0.4775,51481.280562,17
2025-06-30 19:21:00,107811.22,107814.25,107811.22,107814.25,0.4974,53626.784137,18
2025-06-30 19:21:00,107811.22,107814.25,107811.22,107814.25,0.5293,57066.058712,19
2025-06-30 19:21:00,107811.22,107814.25,107811.22,107814.25,0.535,57680.599937,20
2025-06-30 19:21:00,107811.22,107814.25,107811.22,107814.25,0.5431,58553.895362,21
2025-06-30 19:21:00,107811.22,107814.25,107811.22,107814.25,0.5499,59287.032262,22
2025-06-30 19:21:00,107811.22,107814.25,107811.22,107814.25,0.597,64365.083437,23
2025-06-30 19:21:00,107811.22,107814.25,107811.22,107814.25,0.6004,64731.651887,24
2025-06-30 19:21:00,107811.22,107814.25,107811.22,107814.25,0.6076,65507.914487,25
2025-06-30 19:21:00,107811.22,107814.25,107811.22,107814.25,0.6935,74769.158562,26
2025-06-30 19:21:00,107811.22,107819.89,107811.22,107819.89,0.7075,76278.637022,27
2025-06-30 19:21:00,107811.22,107819.89,107811.22,107819.89,0.7639,82359.678818,28
2025-06-30 19:21:00,107811.22,107819.89,107811.22,107819.89,0.7652,82499.844675,29
2025-06-30 19:22:00,107819.89,107819.89,107819.89,107819.89,0.0028,301.895692,1
2025-06-30 19:22:00,107819.89,107819.89,107819.89,107819.89,0.0463,4992.060907,2
2025-06-30 19:22:00,107819.89,107819.89,107819.89,107819.89,0.0549,5919.311961,3
2025-06-30 19:22:00,107819.89,107827.4,107819.89,107827.4,0.0553,5962.442921,4
2025-06-30 19:22:00,107819.89,107827.4,107819.89,107827.4,0.5135,55368.957601,5
2025-06-30 19:22:00,107819.89,107827.4,107819.89,107827.4,0.5145,55476.785001,6
2025-06-30 19:22:00,107819.89,107827.4,107819.89,107827.4,0.5601,60393.714441,7
2025-06-30 19:22:00,107819.89,107827.4,107819.89,107827.4,0.6802,73343.785181,8
2025-06-30 19:22:00,107819.89,107827.4,107819.89,107827.4,0.6883,74217.187121,9
2025-06-30 19:22:00,107819.89,107827.4,107819.89,107827.4,1.2871,138784.234241,10
2025-06-30 19:22:00,107819.89,107843.39,107819.89,107843.39,1.7521,188931.410591,11
2025-06-30 19:22:00,107819.89,107849.97,107819.89,107849.97,1.774,191293.324934,12
2025-06-30 19:22:00,107819.89,107849.97,107819.89,107849.97,1.7922,193256.194388,13
2025-06-30 19:22:00,107819.89,107849.97,107819.89,107849.97,2.0151,217295.952701,14
2025-06-30 19:22:00,107819.89,107849.97,107819.89,107849.97,2.0187,217684.212593,15
2025-06-30 19:22:00,107819.89,107849.97,107819.89,107830.23,2.2347,240975.542273,16
2025-06-30 19:22:00,107819.89,107849.97,107819.89,107830.23,2.2746,245277.96845,17
2025-06-30 19:22:00,107819.89,107849.97,107819.89,107830.23,2.2772,245558.327048,18
2025-06-30 19:22:00,107819.89,107849.97,107819.89,107830.23,2.2776,245601.45914,19
2025-06-30 19:22:00,107819.89,107849.97,107819.89,107830.23,2.3103,249127.507661,20
2025-06-30 19:22:00,107819.89,107849.97,107819.89,107830.23,2.3109,249192.205799,21
2025-06-30 19:22:00,107819.89,107849.97,107819.89,107830.23,2.3133,249450.998351,22
2025-06-30 19:22:00,107819.89,107849.97,107819.89,107830.23,2.3143,249558.828581,23
2025-06-30 19:22:00,107819.89,107849.97,107819.89,107830.23,2.3152,249655.875788,24
2025-06-30 19:22:00,107819.89,107849.97,107819.89,107830.23,2.3377,252082.055963,25
2025-06-30 19:22:00,107819.89,107849.97,107819.89,107830.23,2.4,258799.879292,26
2025-06-30 19:22:00,107819.89,107849.97,107819.89,107830.23,2.4274,261754.427594,27
2025-06-30 19:23:00,107841.51,107841.51,107841.51,107841.51,0.0,0.0,0
2025-06-30 19:23:00,107841.51,107841.51,107841.51,107841.51,0.0004,43.136604,1
2025-06-30 19:23:00,107841.51,107841.51,107841.51,107841.51,0.0112,1207.824912,2
2025-06-30 19:23:00,107841.51,107849.97,107841.51,107849.97,0.0952,10267.222392,3
2025-06-30 19:23:00,107841.51,107849.97,107841.51,107849.97,0.1243,13405.656519,4
2025-06-30 19:23:00,107841.51,107849.97,107841.51,107849.97,0.1442,15551.870922,5
2025-06-30 19:23:00,107841.51,107849.97,107841.51,107849.97,0.1443,15562.655919,6
2025-06-30 19:23:00,107841.51,107849.97,107841.51,107849.97,0.1717,18517.745097,7
2025-06-30 19:23:00,107841.51,107849.97,107841.51,107849.97,0.1798,19391.329854,8
2025-06-30 19:23:00,107841.51,107849.97,107841.51,107849.97,0.2203,23759.253639,9
2025-06-30 19:23:00,107841.51,107849.97,107841.51,107849.97,0.3649,39354.359301,10
2025-06-30 19:23:00,107841.51,107849.97,107841.51,107849.97,0.3768,40637.773944,11
2025-06-30 19:23:00,107841.51,107850.5,107841.51,107850.5,0.3769,40648.558994,12
2025-06-30 19:23:00,107841.51,107856.56,107841.51,107856.56,0.411,44326.46769,13
2025-06-30 19:23:00,107841.51,107856.59,107841.51,107856.59,0.4232,45642.318088,14
2025-06-30 19:23:00,107841.51,107880.98,107841.51,107880.98,1.3069,140976.740114,15
2025-06-30 19:23:00,107841.51,107880.98,107841.51,107880.98,1.3753,148355.799146,16
2025-06-30 19:23:00,107841.51,107891.33,107841.51,107891.33,4.4549,480617.939014,17
2025-06-30 19:23:00,107841.51,107938.33,107841.51,107938.33,5.9531,642331.14502,18
2025-06-30 19:23:00,107841.51,107938.33,107841.51,107925.17,6.2858,678237.849079,19
2025-06-30 19:23:00,107841.51,107938.33,107841.51,107921.4,6.3298,682986.390679,20
2025-06-30 19:23:00,107841.51,107938.33,107841.51,107910.12,6.338,683871.253663,21
2025-06-30 19:23:00,107841.51,107938.33,107841.51,107910.12,6.3496,685123.011055,22
2025-06-30 19:23:00,107841.51,107938.33,107841.51,107910.12,6.3517,685349.622307,23
2025-06-30 19:23:00,107841.51,107938.33,107841.51,107910.12,6.354,685597.815583,24
2025-06-30 19:23:00,107841.51,107938.33,107841.51,107910.12,6.3755,687917.883163,25
2025-06-30 19:23:00,107841.51,107938.33,107841.51,107910.12,6.3837,688802.746147,26
2025-06-30 19:39:00,107952.43,107952.43,107919.53,107919.53,0.9187,99157.042451,5
2025-06-30 19:39:00,107952.43,107952.43,107919.53,107919.53,0.9193,99221.794169,6
2025-06-30 19:39:00,107952.43,107952.43,107919.53,107919.53,0.92,99297.33784,7
2025-06-30 19:39:00,107952.43,107952.43,107919.53,107919.53,0.9207,99372.881511,8
2025-06-30 19:39:00,107952.43,107952.43,107919.53,107919.53,0.9391,101358.600863,9
2025-06-30 19:39:00,107952.43,107952.43,107919.53,107919.53,0.9402,101477.312346,10
2025-06-30 19:39:00,107952.43,107952.43,107919.53,107919.53,0.9411,101574.439923,11
2025-06-30 19:39:00,107952.43,107952.43,107919.53,107919.53,0.9412,101585.231876,12
2025-06-30 19:39:00,107952.43,107952.43,107919.53,107919.53,0.9439,101876.614607,13
2025-06-30 19:39:00,107952.43,107952.43,107919.53,107919.53,0.9499,102524.131787,14
2025-06-30 19:39:00,107952.43,107952.43,107919.53,107919.53,0.9549,103063.729437,15
2025-06-30 19:39:00,107952.43,107952.43,107919.53,107919.53,0.9956,107456.054308,16
2025-06-30 19:39:00,107952.43,107952.43,107919.53,107919.53,0.9956,107456.054308,16
2025-06-30 19:39:00,107952.43,107952.43,107919.53,107919.53,1.0071,108697.128903,17
2025-06-30 19:39:00,107952.43,107952.43,107919.53,107919.53,1.0107,109085.639211,18
2025-06-30 19:39:00,107952.43,107952.43,107919.53,107919.53,1.0304,111211.653952,19
2025-06-30 19:39:00,107952.43,107952.43,107919.53,107919.53,1.0304,111211.653952,19
2025-06-30 19:39:00,107952.43,107952.43,107914.83,107914.83,1.0638,114816.009274,20
2025-06-30 19:39:00,107952.43,107952.43,107914.83,107914.83,1.0677,115236.877111,21
2025-06-30 19:39:00,107952.43,107952.43,107914.83,107914.83,1.0829,116877.182527,22
2025-06-30 19:39:00,107952.43,107952.43,107914.83,107914.83,1.0938,118053.454174,23
2025-06-30 19:39:00,107952.43,107952.43,107910.12,107910.12,1.1515,124279.868098,24
2025-06-30 19:39:00,107952.43,107952.43,107910.12,107910.12,1.296,139872.880438,25
2025-06-30 19:39:00,107952.43,107952.43,107910.12,107910.12,1.2992,140218.192822,26
2025-06-30 19:39:00,107952.43,107952.43,107910.12,107910.12,1.3079,141157.010866,27
2025-06-30 19:39:00,107952.43,107952.43,107910.12,107910.12,1.3136,141772.09855,28
2025-06-30 19:39:00,107952.43,107952.43,107910.12,107910.12,1.3312,143671.316662,29
2025-06-30 19:40:00,107910.12,107910.12,107910.12,107910.12,0.0,0.0,0
2025-06-30 19:40:00,107910.12,107910.12,107910.12,107910.12,0.0017,183.447204,1
2025-06-30 19:40:00,107910.12,107910.12,107910.12,107910.12,0.0126,1359.667512,2
2025-06-30 19:40:00,107910.12,107910.12,107910.12,107910.12,0.0264,2848.827168,3
2025-06-30 19:40:00,107910.12,107910.12,107910.12,107910.12,0.0406,4381.150872,4
2025-06-30 19:40:00,107910.12,107910.12,107910.12,107910.12,0.0418,4510.643016,5
2025-06-30 19:40:00,107910.12,107910.12,107910.12,107910.12,0.0537,5794.773444,6
2025-06-30 19:40:00,107910.12,107910.12,107910.12,107910.12,0.0572,6172.458864,7
2025-06-30 19:40:00,107910.12,107910.12,107910.12,107910.12,0.0791,8535.690492,8
2025-06-30 19:40:00,107910.12,107910.12,107910.12,107910.12,0.2201,23751.017412,9
2025-06-30 19:40:00,107910.12,107910.12,107910.12,107910.12,0.228,24603.50736,10
2025-06-30 19:40:00,107910.12,107910.12,107910.12,107910.12,0.2369,25563.907428,11
2025-06-30 19:40:00,107910.12,107910.12,107910.12,107910.12,0.2377,25650.235524,12
2025-06-30 19:40:00,107910.12,107910.12,107910.12,107910.12,0.2381,25693.399572,13
2025-06-30 19:40:00,107910.12,107910.12,107910.12,107910.12,0.2447,26405.606364,14
2025-06-30 19:40:00,107910.12,107910.12,107910.12,107910.12,0.2774,29934.267288,15
2025-06-30 19:40:00,107910.12,107910.12,107910.12,107910.12,0.2807,30290.370684,16
2025-06-30 19:40:00,107910.12,107910.12,107910.12,107910.12,0.2829,30527.772948,17
2025-06-30 19:40:00,107910.12,107910.12,107910.12,107910.12,0.2946,31790.321352,18
2025-06-30 19:40:00,107910.12,107910.12,107910.12,107910.12,0.2965,31995.35058,19
2025-06-30 19:40:00,107910.12,107910.12,107910.12,107910.12,0.4942,53329.181304,20
2025-06-30 19:40:00,107910.12,107910.12,107910.12,107910.12,0.4979,53728.448748,21
2025-06-30 19:40:00,107910.12,107910.12,107910.12,107910.12,0.5375,58001.6895,22
2025-06-30 19:40:00,107910.12,107910.12,107910.12,107910.12,0.5416,58444.120992,23
2025-06-30 19:40:00,107910.12,107910.12,107910.12,107910.12,0.5441,58713.896292,24
2025-06-30 19:40:00,107910.12,107910.12,107910.12,107910.12,0.5454,58854.179448,25
2025-06-30 19:40:00,107910.12,107910.12,107910.12,107910.12,0.5517,59534.013204,26
2025-06-30 19:40:00,107910.12,107910.12,107910.12,107910.12,0.5592,60343.339104,27
2025-06-30 19:40:00,107910.12,107910.12,107910.12,107910.12,0.5605,60483.62226,28
2025-06-30 19:41:00,107910.12,107910.12,107910.12,107910.12,0.0,0.0,0
2025-06-30 19:41:00,107910.12,107910.12,107910.12,107910.12,0.0214,2309.276568,1
2025-06-30 19:41:00,107910.12,107910.12,107910.12,107910.12,0.0234,2525.096808,2
2025-06-30 19:41:00,107910.12,107910.12,107910.12,107910.12,0.0237,2557.469844,3
2025-06-30 19:41:00,107910.12,107910.12,107910.12,107910.12,0.0445,4802.00034,6
2025-06-30 19:41:00,107910.12,107910.12,107910.12,107910.12,0.0464,5007.029568,7
2025-06-30 19:41:00,107910.12,107910.12,107910.12,107910.12,0.0484,5222.849808,8
2025-06-30 19:41:00,107910.12,107910.12,107910.12,107910.12,0.049,5287.59588,9
2025-06-30 19:41:00,107910.12,107910.12,107910.12,107910.12,0.0502,5417.088024,10
2025-06-30 19:41:00,107910.12,107910.12,107910.12,107910.12,0.051,5503.41612,11
2025-06-30 19:41:00,107910.12,107910.12,107910.12,107910.12,0.0842,9086.032104,12
2025-06-30 19:41:00,107910.12,107910.12,107910.12,107910.12,0.0846,9129.196152,13
2025-06-30 19:41:00,107910.12,107910.12,107910.12,107910.12,0.0996,10747.847952,14
2025-06-30 19:41:00,107910.12,107910.12,107910.12,107910.12,0.1014,10942.086168,15
2025-06-30 19:41:00,107910.12,107910.12,107910.12,107910.12,0.1187,12808.931244,16
2025-06-30 19:41:00,107910.12,107910.12,107910.12,107910.12,0.1199,12938.423388,17
2025-06-30 19:41:00,107910.12,107910.12,107910.12,107910.12,0.1214,13100.288568,18
2025-06-30 19:41:00,107910.12,107910.12,107910.12,107910.12,0.1371,14794.477452,19
2025-06-30 19:41:00,107910.12,107910.12,107910.12,107910.12,0.1408,15193.744896,20
2025-06-30 19:41:00,107910.12,107910.12,107910.12,107910.12,0.1436,15495.893232,21
2025-06-30 19:41:00,107910.12,107910.12,107910.12,107910.12,0.1543,16650.531516,22
2025-06-30 19:41:00,107910.12,107910.12,107910.12,107910.12,0.1556,16790.814672,23
2025-06-30 19:41:00,107910.12,107910.12,107910.12,107910.12,0.156,16833.97872,24
2025-06-30 19:41:00,107910.12,107910.12,107910.12,107910.12,0.2979,32146.424748,25
2025-06-30 19:41:00,107910.12,107910.12,107910.12,107910.12,0.3165,34153.55298,26
2025-06-30 19:41:00,107910.12,107910.12,107910.12,107910.12,0.3307,35685.876684,27
2025-06-30 19:41:00,107910.12,107910.12,107910.12,107910.12,0.3485,37606.67682,29
2025-06-30 19:41:00,107910.12,107910.12,107910.12,107910.12,0.357,38523.91284,30
2025-06-30 19:42:00,107910.12,107910.12,107910.12,107910.12,0.0,0.0,0
2025-06-30 19:42:00,107910.12,107910.12,107910.12,107910.12,0.0013,140.283156,1
2025-06-30 19:42:00,107910.12,107910.12,107910.12,107910.12,0.0249,2686.961988,2
2025-06-30 19:42:00,107910.12,107910.12,107910.12,107910.12,0.0415,4478.26998,3
2025-06-30 19:42:00,107910.12,107910.12,107910.12,107910.12,0.0418,4510.643016,4
2025-06-30 19:42:00,107910.12,107910.12,107910.12,107910.12,0.0454,4899.119448,5
2025-06-30 19:42:00,107910.12,107910.12,107910.12,107910.12,0.086,9280.27032,6
2025-06-30 19:42:00,107910.12,107919.53,107910.12,107919.53,0.809,87306.09051,7
2025-06-30 19:42:00,107910.12,107919.53,107910.12,107919.53,0.8309,89669.528217,8
2025-06-30 19:42:00,107910.12,107919.53,107910.12,107919.53,0.8499,91719.999287,9
2025-06-30 19:42:00,107910.12,107919.53,107910.12,107919.53,0.8535,92108.509595,10
2025-06-30 19:42:00,107910.12,107919.53,107910.12,107919.53,1.1209,120966.191917,11
2025-06-30 19:42:00,107910.12,107919.53,107910.12,107910.12,1.3412,144738.791353,12
2025-06-30 19:42:00,107910.12,107919.53,107910.12,107910.12,2.4602,265490.215633,13
2025-06-30 19:42:00,107910.12,107919.53,107899.79,107899.79,4.7591,513541.042864,14
2025-06-30 19:42:00,107910.12,107919.53,107888.51,107888.51,4.8651,524977.224924,15
2025-06-30 19:42:00,107910.12,107919.53,107868.76,107868.76,4.9469,533800.889492,16
2025-06-30 19:42:00,107910.12,107919.53,107868.76,107868.76,4.9737,536691.77226,17
2025-06-30 19:42:00,107910.12,107919.53,107855.61,107855.61,5.514,594966.158343,18
2025-06-30 19:42:00,107910.12,107919.53,107831.17,107831.17,5.5293,596615.975244,19
2025-06-30 19:42:00,107910.12,107919.53,107831.17,107831.17,5.5293,596615.975244,19
2025-06-30 19:42:00,107910.12,107919.53,107827.24,107827.24,5.918,638528.423432,20
2025-06-30 19:46:00,107837.75,107837.75,107837.75,107837.75,0.1338,14428.69095,15
2025-06-30 19:46:00,107837.75,107837.75,107837.75,107837.75,0.148,15959.987,16
2025-06-30 19:46:00,107837.75,107837.75,107837.75,107837.75,0.15,16175.6625,17
2025-06-30 19:46:00,107837.75,107837.75,107837.75,107837.75,0.1518,16369.77045,18
2025-06-30 19:46:00,107837.75,107837.75,107837.74,107837.74,0.1605,17307.958788,19
2025-06-30 19:46:00,107837.75,107837.75,107837.74,107837.75,0.172,18548.092913,20
2025-06-30 19:46:00,107837.75,107837.75,107837.74,107837.75,0.1724,18591.228013,21
2025-06-30 19:46:00,107837.75,107837.75,107837.74,107837.75,0.1835,19788.227038,22
2025-06-30 19:46:00,107837.75,107837.75,107837.74,107837.75,0.1917,20672.496588,23
2025-06-30 19:46:00,107837.75,107837.75,107837.74,107837.75,0.1965,21190.117788,24
2025-06-30 19:46:00,107837.75,107837.75,107837.74,107837.75,0.1988,21438.144613,25
2025-06-30 19:46:00,107837.75,107837.75,107837.74,107837.75,0.2058,22193.008863,26
2025-06-30 19:46:00,107837.75,107837.75,107837.74,107837.75,0.2107,22721.413838,27
2025-06-30 19:46:00,107837.75,107837.75,107837.74,107837.75,0.2108,22732.197613,28
2025-06-30 19:46:00,107837.75,107837.75,107837.74,107837.75,0.2167,23368.440338,29
2025-06-30 19:46:00,107837.75,107837.75,107837.74,107837.75,0.2182,23530.196963,30
2025-06-30 19:47:00,107837.75,107837.75,107837.75,107837.75,0.0,0.0,0
2025-06-30 19:47:00,107837.75,107837.75,107837.75,107837.75,0.0015,161.756625,1
2025-06-30 19:47:00,107837.75,107837.75,107837.75,107837.75,0.0023,248.026825,2
2025-06-30 19:47:00,107837.75,107837.75,107837.75,107837.75,0.0108,1164.6477,3
2025-06-30 19:47:00,107837.75,107837.75,107837.75,107837.75,0.0547,5898.724925,4
2025-06-30 19:47:00,107837.75,107837.75,107837.75,107837.75,0.0554,5974.21135,5
2025-06-30 19:47:00,107837.75,107837.75,107837.75,107837.75,0.0582,6276.15705,6
2025-06-30 19:47:00,107837.75,107837.75,107837.75,107837.75,0.0599,6459.481225,7
2025-06-30 19:47:00,107837.75,107837.75,107837.75,107837.75,0.0621,6696.724275,8
2025-06-30 19:47:00,107837.75,107837.75,107837.75,107837.75,0.0676,7289.8319,9
2025-06-30 19:47:00,107837.75,107837.75,107837.75,107837.75,0.0677,7300.615675,10
2025-06-30 19:47:00,107837.75,107837.75,107837.75,107837.75,0.0794,8562.31735,11
2025-06-30 19:47:00,107837.75,107837.75,107837.75,107837.75,0.0802,8648.58755,12
2025-06-30 19:47:00,107837.75,107837.75,107837.75,107837.75,0.1037,11182.774675,13
2025-06-30 19:47:00,107837.75,107837.75,107837.75,107837.75,0.1044,11258.2611,14
2025-06-30 19:47:00,107837.75,107837.75,107837.75,107837.75,0.1108,11948.4227,15
2025-06-30 19:47:00,107837.75,107837.75,107837.75,107837.75,0.1438,15507.06845,16
2025-06-30 19:47:00,107837.75,107837.75,107837.75,107837.75,0.1461,15755.095275,17
2025-06-30 19:47:00,107837.75,107837.75,107837.75,107837.75,0.1514,16326.63535,18
2025-06-30 19:47:00,107837.75,107837.75,107837.75,107837.75,0.1601,17264.823775,19
2025-06-30 19:47:00,107837.75,107837.75,107837.75,107837.75,0.1656,17857.9314,20
2025-06-30 19:47:00,107837.75,107837.75,107837.75,107837.75,0.1983,21384.225825,21
2025-06-30 19:47:00,107837.75,107837.75,107837.75,107837.75,0.1988,21438.1447,22
2025-06-30 19:47:00,107837.75,107837.75,107837.75,107837.75,0.2067,22290.062925,23
2025-06-30 19:47:00,107837.75,107837.75,107837.75,107837.75,0.2113,22786.116575,24
2025-06-30 19:47:00,107837.75,107837.75,107837.75,107837.75,0.3258,35133.53895,25
2025-06-30 19:47:00,107837.75,107837.75,107837.75,107837.75,0.3455,37257.942625,26
2025-06-30 19:47:00,107837.75,107837.75,107837.75,107837.75,0.3499,37732.428725,27
2025-06-30 19:47:00,107837.75,107837.75,107837.75,107837.75,0.3629,39134.319475,28
2025-06-30 19:47:00,107837.75,107837.75,107837.75,107837.75,0.363,39145.10325,29
2025-06-30 19:47:00,107837.75,107837.75,107837.75,107837.75,0.364,39252.941,30
2025-06-30 19:48:00,107837.75,107837.75,107837.75,107837.75,0.0,0.0,0
2025-06-30 19:48:00,107837.75,107837.75,107837.75,107837.75,0.0108,1164.6477,1
2025-06-30 19:48:00,107837.75,107837.75,107837.75,107837.75,0.0205,2210.673875,2
2025-06-30 19:48:00,107837.75,107837.75,107837.75,107837.75,0.0207,2232.241425,3
2025-06-30 19:48:00,107837.75,107837.75,107837.75,107837.75,0.0309,3332.186475,4
2025-06-30 19:48:00,107837.75,107837.75,107837.75,107837.75,0.0347,3741.969925,5
2025-06-30 19:48:00,107837.75,107837.75,107837.75,107837.75,0.0395,4259.591125,6
2025-06-30 19:48:00,107837.75,107837.75,107837.75,107837.75,0.0422,4550.75305,7
2025-06-30 19:48:00,107837.75,107837.75,107837.75,107837.75,0.0528,5693.8332,8
2025-06-30 19:48:00,107837.75,107837.75,107837.75,107837.75,0.0535,5769.319625,9
2025-06-30 19:48:00,107837.75,107837.75,107837.75,107837.75,0.0555,5984.995125,10
2025-06-30 19:48:00,107837.75,107837.75,107837.75,107837.75,0.0964,10395.5591,11
2025-06-30 19:48:00,107837.75,107837.75,107837.75,107837.75,0.0965,10406.342875,12
2025-06-30 19:48:00,107837.75,107837.75,107837.75,107837.75,0.0971,10471.045525,13
2025-06-30 19:48:00,107837.75,107837.75,107837.75,107837.75,0.0996,10740.6399,14
2025-06-30 19:48:00,107837.75,107837.75,107837.75,107837.75,0.1014,10934.74785,15
2025-06-30 19:48:00,107837.75,107837.75,107837.75,107837.75,0.1032,11128.8558,16
2025-06-30 19:48:00,107837.75,107837.75,107837.75,107837.75,0.1042,11236.69355,17
2025-06-30 19:48:00,107837.75,107837.75,107837.75,107837.75,0.1054,11366.09885,18
2025-06-30 19:48:00,107837.75,107837.75,107837.75,107837.75,0.1063,11463.152825,19
2025-06-30 19:48:00,107837.75,107837.75,107837.75,107837.75,0.3519,37948.104225,20
2025-06-30 19:48:00,107837.75,107837.75,107837.75,107837.75,0.838,90368.0345,21
2025-06-30 19:48:00,107837.75,107837.75,107837.75,107837.75,0.8919,96180.489225,23
2025-06-30 19:48:00,107837.75,107837.75,107837.75,107837.75,0.9254,99793.05385,24
2025-06-30 19:48:00,107837.75,107837.75,107837.75,107837.75,0.9802,105702.56255,25
2025-06-30 19:48:00,107837.75,107837.75,107837.75,107837.75,0.994,107190.7235,26
2025-06-30 19:48:00,107837.75,107837.75,107837.75,107837.75,0.9975,107568.155625,27
2025-06-30 19:48:00,107837.75,107837.75,107837.75,107837.75,0.9986,107686.77715,28
2025-06-30 19:48:00,107837.75,107837.75,107837.75,107837.75,0.9994,107773.04735,29
2025-06-30 19:49:00,107837.75,107837.75,107837.75,107837.75,0.0,0.0,0
2025-06-30 19:49:00,107837.75,107837.75,107837.75,107837.75,0.0007,75.486425,1
2025-06-30 19:49:00,107837.75,107837.75,107837.75,107837.75,0.0131,1412.674525,2
2025-06-30 19:49:00,107837.75,107837.75,107837.75,107837.75,0.1331,14353.204525,3
2025-06-30 19:49:00,107837.75,107837.75,107837.75,107837.75,0.2556,27563.3289,4
2025-06-30 19:49:00,107837.75,107837.75,107837.75,107837.75,0.2602,28059.38255,5
2025-06-30 19:49:00,107837.75,107837.75,107837.75,107837.75,0.2628,28339.7607,6
2025-06-30 19:49:00,107837.75,107837.75,107837.75,107837.75,0.2691,29019.138525,7
2025-06-30 19:49:00,107837.75,107837.75,107837.75,107837.75,0.2719,29321.084225,8
2025-06-30 19:49:00,107837.75,107837.75,107837.75,107837.75,0.2721,29342.651775,9
2025-06-30 19:49:00,107837.75,107837.75,107837.75,107837.75,0.2726,29396.57065,10
2025-06-30 19:49:00,107837.75,107837.75,107837.75,107837.75,0.2743,29579.894825,11
2025-06-30 19:49:00,107837.75,107837.75,107837.75,107837.75,0.2811,30313.191525,12
2025-06-30 19:49:00,107837.75,107837.75,107837.75,107837.75,0.2833,30550.434575,13
2025-06-30 19:49:00,107837.75,107837.75,107837.75,107837.75,0.2868,30927.8667,14
2025-06-30 19:49:00,107837.75,107837.75,107837.75,107837.75,0.2877,31024.920675,15
2025-06-30 19:49:00,107837.75,107837.75,107837.75,107837.75,0.2882,31078.83955,16
2025-06-30 19:49:00,107837.75,107837.75,107837.75,107837.75,0.2914,31423.92035,17
2025-06-30 19:49:00,107837.75,107837.75,107837.75,107837.75,0.2942,31725.86605,18
2025-06-30 19:49:00,107837.75,107837.75,107837.75,107837.75,0.2944,31747.4336,19
2025-06-30 19:49:00,107837.75,107837.75,107837.75,107837.75,0.2978,32114.08195,20
2025-06-30 19:49:00,107837.75,107837.75,107837.75,107837.75,0.3222,34745.32305,21
2025-06-30 19:49:00,107837.75,107837.75,107837.75,107837.75,0.3314,35737.43035,22
2025-06-30 19:49:00,107837.75,107837.75,107837.75,107837.75,0.3404,36707.9701,23
2025-06-30 19:49:00,107837.75,107837.75,107837.75,107837.75,0.4593,49529.878575,25
2025-06-30 19:49:00,107837.75,107837.75,107837.75,107837.75,0.4601,49616.148775,26
2025-06-30 19:49:00,107837.75,107837.75,107837.75,107837.75,0.4607,49680.851425,27
2025-06-30 19:49:00,107837.75,107837.75,107837.75,107837.75,0.462,49821.0405,28
2025-06-30 19:49:00,107837.75,107837.75,107837.75,107837.75,0.4676,50424.9319,29
2025-06-30 19:49:00,107837.75,107837.75,107837.75,107837.75,0.469,50575.90475,30
2025-06-30 19:50:00,107837.75,107837.75,107837.75,107837.75,0.0,0.0,0
2025-06-30 19:50:00,107837.75,107837.75,107837.75,107837.75,0.0019,204.891725,1
2025-06-30 19:50:00,107837.75,107837.75,107837.75,107837.75,0.0036,388.2159,2
2025-06-30 19:50:00,107837.75,107837.75,107837.75,107837.75,0.0088,948.9722,3
2025-06-30 19:50:00,107837.75,107837.75,107837.75,107837.75,0.0116,1250.9179,5
2025-06-30 19:50:00,107837.75,107837.75,107837.75,107837.75,0.0266,2868.48415,6
2025-06-30 19:50:00,107837.75,107837.75,107837.75,107837.75,0.0295,3181.213625,7
2025-06-30 19:50:00,107837.75,107837.75,107837.75,107837.75,0.0343,3698.834825,8
2025-06-30 19:50:00,107837.75,107837.75,107837.75,107837.75,0.05,5391.8875,9
2025-06-30 19:50:00,107837.75,107837.75,107837.75,107837.75,0.0513,5532.076575,10
2025-06-30 19:50:00,107837.75,107837.75,107837.75,107837.75,0.0535,5769.319625,11
2025-06-30 19:50:00,107837.75,107837.75,107837.75,107837.75,0.0542,5844.80605,12
2025-06-30 19:50:00,107837.75,107837.75,107837.75,107837.75,0.0559,6028.130225,13
2025-06-30 19:50:00,107837.75,107837.75,107837.75,107837.75,0.0584,6297.7246,14
2025-06-30 19:50:00,107837.75,107837.75,107837.75,107837.75,0.0584,6297.7246,14
2025-06-30 19:50:00,107837.75,107837.75,107837.75,107837.75,0.1315,14180.664125,15
2025-06-30 19:50:00,107837.75,107837.75,107837.75,107837.75,0.1439,15517.852225,16
2025-06-30 19:50:00,107837.75,107837.75,107837.75,107837.75,0.3267,35230.592925,17
2025-06-30 19:50:00,107837.75,107837.75,107837.75,107837.75,0.3272,35284.5118,18
2025-06-30 19:50:00,107837.75,107838.0,107837.75,107838.0,0.3677,39651.941175,20
2025-06-30 19:50:00,107837.75,107842.45,107837.75,107842.45,0.5004,53962.63429,21
2025-06-30 19:50:00,107837.75,107842.45,107837.75,107842.45,0.5082,54803.8054,22
2025-06-30 19:50:00,107837.75,107842.45,107837.75,107842.45,0.5149,55526.349815,23
2025-06-30 19:50:00,107837.75,107842.45,107837.75,107842.45,0.5154,55580.27104,24
2025-06-30 19:50:00,107837.75,107842.45,107837.75,107842.45,0.5268,56809.67497,25
2025-06-30 19:50:00,107837.75,107842.45,107837.75,107842.45,0.5287,57014.575625,26
2025-06-30 19:50:00,107837.75,107842.45,107837.75,107842.45,0.5298,57133.20232,27
2025-06-30 19:51:00,107842.45,107842.45,107842.45,107842.45,0.0,0.0,0
2025-06-30 19:51:00,107842.45,107842.45,107842.45,107842.45,0.0033,355.880085,1
2025-06-30 19:51:00,107842.45,107842.45,107842.45,107842.45,0.1115,12024.433175,2
2025-06-30 19:51:00,107842.45,107842.45,107842.45,107842.45,0.1138,12272.47081,3
2025-06-30 19:51:00,107842.45,107852.79,107842.45,107852.79,0.194,20922.264568,4
2025-06-30 19:51:00,107842.45,107864.06,107842.45,107864.06,0.2871,30964.408554,5
2025-06-30 19:51:00,107842.45,107867.83,107842.45,107867.83,0.2886,31126.210299,6
2025-06-30 19:51:00,107842.45,107867.83,107842.45,107867.83,0.2967,31999.939722,7
2025-06-30 19:51:00,107842.45,107867.83,107842.45,107867.83,0.2974,32075.447203,8
2025-06-30 19:51:00,107842.45,107867.83,107842.45,107867.83,0.3067,33078.618022,9
2025-06-30 19:51:00,107842.45,107867.83,107842.45,107867.83,0.3154,34017.068143,10
2025-06-30 19:51:00,107842.45,107867.83,107842.45,107867.83,0.3165,34135.722756,11
2025-06-30 19:51:00,107842.45,107867.83,107842.45,107857.48,0.4887,52708.780812,12
2025-06-30 19:51:00,107842.45,107867.83,107842.45,107857.48,0.4999,53916.784588,13
2025-06-30 19:51:00,107842.45,107867.83,107842.45,107857.48,0.5304,57206.437728,14
2025-06-30 19:51:00,107842.45,107867.83,107842.45,107857.48,0.6585,71022.980916,15
2025-06-30 19:51:00,107842.45,107867.83,107842.45,107857.48,0.6593,71109.2669,16
2025-06-30 19:51:00,107842.45,107867.83,107842.45,107857.48,0.6794,73277.202248,17
2025-06-30 19:51:00,107842.45,107867.83,107842.45,107857.48,0.7978,86047.52788,18
2025-06-30 19:51:00,107842.45,107867.83,107842.45,107857.48,0.8008,86371.10032,19
2025-06-30 19:51:00,107842.45,107867.83,107842.45,107857.48,1.0835,116862.409916,20
2025-06-30 19:51:00,107842.45,107867.83,107842.45,107857.48,1.0837,116883.981412,21
2025-06-30 19:51:00,107842.45,107867.83,107842.45,107857.48,1.0907,117638.983772,22
2025-06-30 19:52:00,107857.48,107857.48,107857.48,107857.48,0.0,0.0,0
2025-06-30 19:52:00,107857.48,107857.48,107857.48,107857.48,0.0036,388.286928,1
2025-06-30 19:52:00,107857.48,107857.48,107857.48,107857.48,0.0067,722.645116,2
2025-06-30 19:52:00,107857.48,107857.48,107843.39,107843.39,0.9461,102030.725682,3
2025-06-30 19:52:00,107857.48,107857.48,107843.39,107843.39,0.9589,103411.121074,4
2025-06-30 19:52:00,107857.48,107857.48,107843.39,107843.39,0.9634,103896.416329,5
2025-06-30 19:52:00,107857.48,107857.48,107843.39,107843.39,0.9641,103971.906702,6
2025-06-30 19:52:00,107857.48,107857.48,107843.39,107843.39,0.9645,104015.044058,7
2025-06-30 19:52:00,107857.48,107857.48,107843.39,107843.39,0.9649,104058.181414,8
2025-06-30 19:52:00,107857.48,107857.48,107843.39,107843.39,0.9655,104122.887448,9
2025-06-30 20:07:00,107685.47,107710.84,107685.47,107710.84,2.2631,243713.211375,25
2025-06-30 20:07:00,107685.47,107710.84,107685.47,107710.84,2.2676,244197.910155,26
2025-06-30 20:07:00,107685.47,107710.84,107685.47,107710.84,2.2838,245942.825763,27
2025-06-30 20:07:00,107685.47,107710.84,107685.47,107710.84,2.2852,246093.620939,28
2025-06-30 20:07:00,107685.47,107710.84,107685.47,107710.84,2.2959,247246.126927,29
2025-06-30 20:08:00,107710.84,107710.84,107710.84,107710.84,0.0,0.0,0
2025-06-30 20:08:00,107710.84,107710.84,107710.84,107710.84,0.0001,10.771084,1
2025-06-30 20:08:00,107710.84,107710.84,107710.84,107710.84,0.0025,269.2771,2
2025-06-30 20:08:00,107710.84,107710.84,107710.84,107710.84,0.0101,1087.879484,3
2025-06-30 20:08:00,107710.84,107710.84,107710.84,107710.84,0.3358,36169.300072,14
2025-06-30 20:08:00,107710.84,107710.84,107710.84,107710.84,0.3369,36287.781996,15
2025-06-30 20:08:00,107710.84,107710.84,107710.84,107710.84,0.3369,36287.781996,15
2025-06-30 20:08:00,107710.84,107710.84,107710.84,107710.84,0.3397,36589.372348,16
2025-06-30 20:08:00,107710.84,107710.84,107710.84,107710.84,0.3423,36869.420532,17
2025-06-30 20:08:00,107710.84,107710.84,107710.84,107710.84,0.3569,38441.998796,18
2025-06-30 20:08:00,107710.84,107710.84,107710.84,107710.84,0.3668,39508.336112,19
2025-06-30 20:08:00,107710.84,107710.84,107710.84,107710.84,0.368,39637.58912,20
2025-06-30 20:08:00,107710.84,107710.84,107710.84,107710.84,0.3701,39863.781884,21
2025-06-30 20:08:00,107710.84,107710.84,107710.84,107710.84,0.3723,40100.745732,22
2025-06-30 20:08:00,107710.84,107710.84,107710.84,107710.84,0.3908,42093.396272,23
2025-06-30 20:08:00,107710.84,107710.84,107710.84,107710.84,0.4069,43827.540796,24
2025-06-30 20:08:00,107710.84,107710.84,107710.84,107710.84,0.4111,44279.926324,25
2025-06-30 20:08:00,107710.84,107719.31,107710.84,107719.31,0.8239,88746.457492,26
2025-06-30 20:08:00,107710.84,107719.31,107710.84,107719.31,0.8246,88821.861009,27
2025-06-30 20:09:00,107719.31,107719.31,107719.31,107719.31,0.0059,635.543929,1
2025-06-30 20:09:00,107719.31,107719.31,107719.31,107719.31,0.0543,5849.158533,2
2025-06-30 20:09:00,107719.31,107719.31,107719.31,107719.31,0.0547,5892.246257,3
2025-06-30 20:09:00,107719.31,107719.31,107719.31,107719.31,0.0603,6495.474393,4
2025-06-30 20:09:00,107719.31,107719.31,107719.31,107719.31,0.0614,6613.965634,5
2025-06-30 20:09:00,107719.31,107719.31,107719.31,107719.31,0.0985,10610.352035,6
2025-06-30 20:09:00,107719.31,107719.31,107719.31,107719.31,0.1033,11127.404723,7
2025-06-30 20:09:00,107719.31,107725.89,107719.31,107725.89,0.8848,95315.187758,8
2025-06-30 20:09:00,107719.31,107725.89,107719.31,107725.89,0.8901,95886.134975,9
2025-06-30 20:09:00,107719.31,107725.89,107719.31,107725.89,0.901,97060.347176,10
2025-06-30 20:09:00,107719.31,107725.89,107719.31,107725.89,0.9077,97782.110639,11
2025-06-30 20:09:00,107719.31,107725.89,107719.31,107725.89,0.9092,97943.699474,12
2025-06-30 20:09:00,107719.31,107733.4,107719.31,107733.4,0.9102,98051.432874,13
2025-06-30 20:09:00,107719.31,107733.4,107719.31,107733.4,1.1098,119555.019514,15
2025-06-30 20:09:00,107719.31,107733.4,107719.31,107733.4,1.1098,119555.019514,15
2025-06-30 20:09:00,107719.31,107733.4,107719.31,107733.4,1.1111,119695.072934,16
2025-06-30 20:09:00,107719.31,107733.4,107719.31,107733.4,1.1141,120018.273134,17
2025-06-30 20:09:00,107719.31,107733.4,107719.31,107733.4,1.1173,120363.020014,18
2025-06-30 20:09:00,107719.31,107733.4,107719.31,107733.4,1.1194,120589.260154,19
2025-06-30 20:09:00,107719.31,107733.4,107719.31,107733.4,1.1282,121537.314074,20
2025-06-30 20:09:00,107719.31,107733.4,107719.31,107733.4,1.1568,124618.489314,21
2025-06-30 20:09:00,107719.31,107733.4,107719.31,107733.4,1.1667,125685.049974,22
2025-06-30 20:09:00,107719.31,107733.4,107719.31,107733.4,1.1669,125706.596654,23
2025-06-30 20:09:00,107719.31,107733.4,107719.31,107733.4,1.1694,125975.930154,24
2025-06-30 20:09:00,107719.31,107733.4,107719.31,107733.4,1.1731,126374.543734,25
2025-06-30 20:09:00,107719.31,107733.4,107719.31,107733.4,1.176,126686.970594,26
2025-06-30 20:09:00,107719.31,107733.4,107719.31,107733.4,1.197,128949.371994,27
2025-06-30 20:09:00,107719.31,107733.4,107719.31,107733.4,1.1983,129089.425414,28
2025-06-30 20:09:00,107719.31,107733.4,107719.31,107733.4,1.1998,129251.025514,29
2025-06-30 20:10:00,107733.4,107733.4,107733.4,107733.4,0.0082,883.41388,1
2025-06-30 20:10:00,107733.4,107733.4,107733.4,107733.4,0.0082,883.41388,1
2025-06-30 20:10:00,107733.4,107733.4,107733.4,107733.4,0.0132,1422.08088,2
2025-06-30 20:10:00,107733.4,107733.4,107733.4,107733.4,0.0138,1486.72092,3
2025-06-30 20:10:00,107733.4,107733.4,107733.4,107733.4,0.0323,3479.78882,4
2025-06-30 20:10:00,107733.4,107733.4,107733.4,107733.4,0.3221,34700.92814,23
2025-06-30 20:11:00,107733.4,107733.4,107725.89,107725.89,0.7378,79480.582202,17
2025-06-30 20:11:00,107733.4,107733.4,107725.89,107725.89,0.757,81548.91929,18
2025-06-30 20:11:00,107733.4,107733.4,107725.89,107725.89,0.757,81548.91929,18
2025-06-30 20:11:00,107733.4,107733.4,107725.89,107725.89,0.7574,81592.009646,19
2025-06-30 20:11:00,107733.4,107733.4,107725.89,107725.89,0.7576,81613.554824,20
2025-06-30 20:11:00,107733.4,107733.4,107725.89,107725.89,0.7581,81667.417769,21
2025-06-30 20:11:00,107733.4,107733.4,107725.89,107725.89,0.7586,81721.280714,22
2025-06-30 20:11:00,107733.4,107733.4,107725.89,107725.89,0.7739,83369.486831,23
2025-06-30 20:11:00,107733.4,107733.4,107725.89,107725.89,0.7743,83412.577187,24
2025-06-30 20:11:00,107733.4,107733.4,107725.89,107725.89,0.7871,84791.468579,25
2025-06-30 20:11:00,107733.4,107733.4,107725.89,107725.89,0.7907,85179.281783,26
2025-06-30 20:11:00,107733.4,107733.4,107725.89,107725.89,0.797,85857.95489,27
2025-06-30 20:11:00,107733.4,107733.4,107725.89,107725.89,1.2155,130941.239855,28
2025-06-30 20:11:00,107733.4,107733.4,107725.89,107725.89,1.217,131102.82869,29
2025-06-30 20:11:00,107733.4,107733.4,107725.89,107725.89,1.2397,133548.206393,30
2025-06-30 20:12:00,107725.89,107725.89,107725.89,107725.89,0.0,0.0,0
2025-06-30 20:12:00,107725.89,107725.89,107725.89,107725.89,0.4602,49575.454578,1
2025-06-30 20:12:00,107725.89,107725.89,107725.89,107725.89,0.4637,49952.495193,2
2025-06-30 20:12:00,107725.89,107725.89,107723.06,107723.06,0.4707,50706.556613,3
2025-06-30 20:12:00,107725.89,107725.89,107723.06,107723.06,0.4713,50771.190449,4
2025-06-30 20:12:00,107725.89,107725.89,107723.06,107723.06,0.4714,50781.962755,5
2025-06-30 20:12:00,107725.89,107725.89,107723.06,107723.06,0.4741,51072.815017,6
2025-06-30 20:12:00,107725.89,107725.89,107723.06,107723.06,0.477,51385.211891,7
2025-06-30 20:12:00,107725.89,107725.89,107723.06,107723.06,0.4912,52914.879343,8
2025-06-30 20:12:00,107725.89,107725.89,107723.06,107723.06,0.4917,52968.740873,9
2025-06-30 20:12:00,107725.89,107725.89,107723.06,107723.06,0.4968,53518.128479,10
2025-06-30 20:12:00,107725.89,107725.89,107723.06,107723.06,0.5108,55026.251319,11
2025-06-30 20:12:00,107725.89,107725.89,107723.06,107723.06,0.5139,55360.192805,12
2025-06-30 20:12:00,107725.89,107725.89,107723.06,107723.06,0.5183,55834.174269,13
2025-06-30 20:12:00,107725.89,107725.89,107723.06,107723.06,0.5223,56265.066509,14
2025-06-30 20:12:00,107725.89,107725.89,107723.06,107723.06,0.5231,56351.244957,15
2025-06-30 20:12:00,107725.89,107725.89,107723.06,107723.06,0.5329,57406.930945,16
2025-06-30 20:12:00,107725.89,107725.89,107723.06,107723.06,0.5329,57406.930945,16
2025-06-30 20:12:00,107725.89,107725.89,107723.06,107723.06,0.5396,58128.675447,17
2025-06-30 20:12:00,107725.89,107725.89,107723.06,107723.06,0.5596,60283.136647,18
2025-06-30 20:12:00,107725.89,107725.89,107723.06,107723.06,0.5681,61198.782657,19
2025-06-30 20:12:00,107725.89,107725.89,107723.06,107723.06,0.5971,64322.751397,20
2025-06-30 20:12:00,107725.89,107725.89,107723.06,107723.06,0.5973,64344.296009,21
2025-06-30 20:12:00,107725.89,107725.89,107723.06,107723.06,0.6175,66520.301821,22
2025-06-30 20:12:00,107725.89,107725.89,107723.06,107723.06,0.6199,66778.837165,23
2025-06-30 20:12:00,107725.89,107725.89,107723.06,107723.06,0.6215,66951.194061,24
2025-06-30 20:12:00,107725.89,107725.89,107723.06,107723.06,0.6225,67058.917121,25
2025-06-30 20:12:00,107725.89,107725.89,107723.06,107723.06,0.6258,67414.403219,26
2025-06-30 20:12:00,107725.89,107725.89,107723.06,107723.06,0.6285,67705.255481,27
2025-06-30 20:12:00,107725.89,107725.89,107723.06,107723.06,0.6674,71895.682515,28
2025-06-30 20:12:00,107725.89,107725.89,107723.06,107723.06,0.7917,85285.658873,29
2025-06-30 20:13:00,107723.06,107723.06,107723.06,107723.06,0.0,0.0,0
2025-06-30 20:13:00,107723.06,107723.06,107723.06,107723.06,0.0017,183.129202,1
2025-06-30 20:13:00,107723.06,107723.06,107723.06,107723.06,1.1094,119507.962764,2
2025-06-30 20:13:00,107723.06,107723.06,107723.06,107723.06,1.1603,124991.066518,3
2025-06-30 20:13:00,107723.06,107723.06,107723.06,107723.06,1.1989,129149.176634,4
2025-06-30 20:13:00,107723.06,107723.06,107723.06,107723.06,1.2221,131648.351626,5
2025-06-30 20:13:00,107723.06,107723.06,107723.06,107723.06,1.2231,131756.074686,6
2025-06-30 20:13:00,107723.06,107723.06,107723.06,107723.06,1.2309,132596.314554,7
2025-06-30 20:13:00,107723.06,107723.06,107723.06,107723.06,1.2311,132617.859166,8
2025-06-30 20:13:00,107723.06,107723.06,107723.06,107723.06,1.2314,132650.176084,9
2025-06-30 20:13:00,107723.06,107723.06,107723.06,107723.06,1.2598,135709.510988,10
2025-06-30 20:13:00,107723.06,107723.06,107723.06,107723.06,1.275,137346.9015,11
2025-06-30 20:13:00,107723.06,107723.06,107723.06,107723.06,1.2765,137508.48609,12
2025-06-30 20:13:00,107723.06,107723.06,107723.06,107723.06,1.2808,137971.695248,13
2025-06-30 20:13:00,107723.06,107723.06,107723.06,107723.06,1.2827,138176.369062,14
2025-06-30 20:13:00,107723.06,107723.06,107723.06,107723.06,1.285,138424.1321,15
2025-06-30 20:13:00,107723.06,107723.06,107723.06,107723.06,1.2851,138434.904406,16
2025-06-30 20:13:00,107723.06,107723.06,107723.06,107723.06,1.286,138531.85516,17
2025-06-30 20:13:00,107723.06,107723.06,107723.06,107723.06,1.2939,139382.867334,18
2025-06-30 20:13:00,107723.06,107723.06,107723.06,107723.06,1.2976,139781.442656,19
2025-06-30 20:13:00,107723.06,107723.06,107723.06,107723.06,1.2987,139899.938022,20
2025-06-30 20:13:00,107723.06,107723.06,107723.06,107723.06,1.2997,140007.661082,21
2025-06-30 20:13:00,107723.06,107723.06,107723.06,107723.06,1.3013,140180.017978,22
2025-06-30 20:13:00,107723.06,107723.06,107723.06,107723.06,1.3022,140276.968732,23
2025-06-30 20:13:00,107723.06,107723.06,107723.06,107723.06,1.3092,141031.030152,24
2025-06-30 20:13:00,107723.06,107723.06,107723.06,107723.06,1.3164,141806.636184,25
2025-06-30 20:13:00,107723.06,107723.06,107723.06,107723.06,1.3214,142345.251484,26
2025-06-30 20:13:00,107723.06,107723.06,107723.06,107723.06,1.3223,142442.202238,27
2025-06-30 20:13:00,107723.06,107723.06,107723.06,107723.06,1.3322,143508.660532,28
2025-06-30 20:13:00,107723.06,107723.06,107723.06,107723.06,1.3378,144111.909668,29
2025-06-30 20:13:00,107723.06,107723.06,107723.06,107723.06,1.3424,144607.435744,30
2025-06-30 20:14:00,107723.06,107723.06,107723.06,107723.06,0.0,0.0,0
2025-06-30 20:14:00,107723.06,107723.06,107723.06,107723.06,0.0006,64.633836,1
2025-06-30 20:14:00,107723.06,107723.06,107723.06,107723.06,0.0007,75.406142,2
2025-06-30 20:14:00,107723.06,107723.06,107723.06,107723.06,0.0012,129.267672,3
2025-06-30 20:14:00,107723.06,107723.06,107723.06,107723.06,0.0044,473.981464,4
2025-06-30 20:14:00,107723.06,107723.06,107723.06,107723.06,0.0106,1141.864436,5
2025-06-30 20:14:00,107723.06,107723.06,107723.06,107723.06,0.0193,2079.055058,6
2025-06-30 20:14:00,107723.06,107723.06,107723.06,107723.06,0.0269,2897.750314,7
2025-06-30 20:14:00,107723.06,107723.06,107723.06,107723.06,0.0272,2930.067232,8
2025-06-30 20:14:00,107723.06,107723.06,107723.06,107723.06,0.0376,4050.387056,9
2025-06-30 20:14:00,107723.06,107723.06,107723.06,107723.06,0.0404,4352.011624,10
2025-06-30 20:14:00,107723.06,107723.06,107723.06,107723.06,0.0439,4729.042334,11
2025-06-30 20:14:00,107723.06,107723.06,107723.06,107723.06,0.0447,4815.220782,12
2025-06-30 20:14:00,107723.06,107723.06,107723.06,107723.06,0.0456,4912.171536,13
2025-06-30 20:14:00,107723.06,107723.06,107723.06,107723.06,0.0482,5192.251492,14
2025-06-30 20:14:00,107723.06,107723.06,107723.06,107723.06,0.0489,5267.657634,15
2025-06-30 20:14:00,107723.06,107723.06,107723.06,107723.06,0.0879,9468.856974,16
2025-06-30 20:14:00,107723.06,107723.06,107723.06,107723.06,0.0904,9738.164624,17
2025-06-30 20:14:00,107723.06,107723.06,107723.06,107723.06,0.1002,10793.850612,18
2025-06-30 20:14:00,107723.06,107723.06,107723.06,107723.06,0.1037,11170.881322,19
2025-06-30 20:14:00,107723.06,107723.06,107723.06,107723.06,0.1222,13163.757932,20
2025-06-30 20:14:00,107723.06,107723.06,107723.06,107723.06,0.137,14758.05922,21
2025-06-30 20:14:00,107723.06,107723.06,107723.06,107723.06,0.1612,17364.957272,22
2025-06-30 20:14:00,107723.06,107723.06,107723.06,107723.06,0.213,22945.01178,23
2025-06-30 20:14:00,107723.06,107723.06,107723.06,107723.06,0.2185,23537.48861,24
2025-06-30 20:14:00,107723.06,107723.06,107723.06,107723.06,0.2217,23882.202402,25
2025-06-30 20:14:00,107723.06,107723.06,107723.06,107723.06,0.3031,32650.859486,26
2025-06-30 20:14:00,107723.06,107723.06,107723.06,107723.06,0.308,33178.70248,27
2025-06-30 20:14:00,107723.06,107723.06,107723.06,107723.06,0.3281,35343.935986,28
2025-06-30 20:15:00,107723.06,107723.06,107723.06,107723.06,0.0,0.0,0
2025-06-30 20:15:00,107723.06,107723.06,107723.06,107723.06,0.0045,484.75377,1
2025-06-30 20:15:00,107723.06,107723.06,107723.06,107723.06,0.0925,9964.38305,2
2025-06-30 20:15:00,107723.06,107723.06,107723.06,107723.06,0.2536,27318.568016,3
2025-06-30 20:15:00,107723.06,107723.06,107723.06,107723.06,0.2575,27738.68795,4
2025-06-30 20:15:00,107723.06,107723.06,107723.06,107723.06,0.2651,28557.383206,5
2025-06-30 20:15:00,107723.06,107723.06,107723.06,107723.06,0.2688,28955.958528,6
2025-06-30 20:15:00,107723.06,107723.06,107723.06,107723.06,0.2757,29699.247642,7
2025-06-30 20:15:00,107723.06,107723.06,107723.06,107723.06,0.276,29731.56456,8
2025-06-30 20:15:00,107723.06,107723.06,107723.06,107723.06,0.2762,29753.109172,9
2025-06-30 20:15:00,107723.06,107723.06,107723.06,107723.06,0.2777,29914.693762,10
2025-06-30 20:15:00,107723.06,107723.06,107723.06,107723.06,0.2783,29979.327598,11
2025-06-30 20:15:00,107723.06,107723.06,107723.06,107723.06,0.2787,30022.416822,12
2025-06-30 20:15:00,107723.06,107723.06,107723.06,107723.06,0.279,30054.73374,13
2025-06-30 20:15:00,107723.06,107723.06,107723.06,107723.06,0.28,30162.4568,14
2025-06-30 20:15:00,107723.06,107723.06,107723.06,107723.06,0.2845,30647.21057,15
2025-06-30 20:15:00,107723.06,107723.06,107723.06,107723.06,0.285,30701.0721,16
2025-06-30 20:15:00,107723.06,107723.06,107723.06,107723.06,0.2852,30722.616712,17
2025-06-30 20:15:00,107723.06,107723.06,107723.06,107723.06,0.2912,31368.955072,18
2025-06-30 20:15:00,107723.06,107723.06,107723.06,107723.06,0.2913,31379.727378,19
2025-06-30 20:15:00,107723.06,107723.06,107723.06,107723.06,0.2927,31530.539662,20
2025-06-30 20:15:00,107723.06,107723.06,107723.06,107723.06,0.2967,31961.431902,21
2025-06-30 20:15:00,107723.06,107723.06,107723.06,107723.06,0.3819,41139.436614,22
2025-06-30 20:15:00,107723.06,107723.06,107723.06,107723.06,0.382,41150.20892,23
2025-06-30 20:15:00,107723.06,107723.06,107723.06,107723.06,0.3889,41893.498034,24
2025-06-30 20:15:00,107723.06,107723.06,107723.06,107723.06,0.3928,42313.617968,25
2025-06-30 20:15:00,107723.06,107762.54,107723.06,107762.54,1.8877,203407.839014,26
2025-06-30 20:15:00,107723.06,107762.54,107723.06,107762.54,1.8878,203418.615268,27
2025-06-30 20:16:00,107762.54,107762.54,107762.54,107762.54,0.0,0.0,0
2025-06-30 20:16:00,107762.54,107762.54,107762.54,107762.54,0.0011,118.538794,1
2025-06-30 20:16:00,107762.54,107762.54,107762.54,107762.54,0.0077,829.771558,2
2025-06-30 20:16:00,107762.54,107762.54,107762.54,107762.54,0.0147,1584.109338,3
2025-06-30 20:16:00,107762.54,107762.54,107762.54,107762.54,0.0152,1637.990608,4
2025-06-30 20:16:00,107762.54,107762.54,107762.54,107762.54,0.0167,1799.634418,6
2025-06-30 20:16:00,107762.54,107762.54,107762.54,107762.54,0.0172,1853.515688,7
2025-06-30 20:16:00,107762.54,107762.54,107762.54,107762.54,0.0176,1896.620704,8
2025-06-30 20:16:00,107762.54,107762.54,107762.54,107762.54,0.021,2263.01334,9
2025-06-30 20:16:00,107762.54,107762.54,107762.54,107762.54,0.0242,2607.853468,10
2025-06-30 20:16:00,107762.54,107762.54,107762.54,107762.54,0.0273,2941.917342,11
2025-06-30 20:16:00,107762.54,107762.54,107762.54,107762.54,0.028,3017.35112,12
2025-06-30 20:16:00,107762.54,107762.54,107762.54,107762.54,0.036,3879.45144,13
2025-06-30 20:16:00,107762.54,107762.55,107762.54,107762.55,0.0406,4375.15917,14
2025-06-30 20:16:00,107762.54,107762.55,107762.54,107762.54,0.0424,4569.131742,15
2025-06-30 20:16:00,107762.54,107762.55,107762.54,107762.54,0.0433,4666.118028,16
2025-06-30 20:16:00,107762.54,107762.55,107762.54,107762.54,0.0498,5366.574538,17
2025-06-30 20:16:00,107762.54,107762.55,107762.54,107762.54,0.0503,5420.455808,18
2025-06-30 20:16:00,107762.54,107762.55,107762.54,107762.54,0.0521,5614.42838,19
2025-06-30 20:16:00,107762.54,107762.55,107762.54,107762.54,0.0545,5873.058476,21
2025-06-30 20:16:00,107762.54,107762.55,107762.54,107762.54,0.0588,6336.437398,22
2025-06-30 20:16:00,107762.54,107762.55,107762.54,107762.54,0.0608,6551.962478,23
2025-06-30 20:16:00,107762.54,107762.55,107762.54,107762.54,0.0707,7618.811624,24
2025-06-30 20:16:00,107762.54,107762.55,107762.54,107762.54,0.0727,7834.336704,25
2025-06-30 20:16:00,107762.54,107762.55,107762.54,107762.54,0.1334,14375.522882,26
2025-06-30 20:17:00,107762.54,107762.54,107752.2,107752.2,0.6006,64715.97132,2
2025-06-30 20:17:00,107762.54,107762.54,107747.51,107747.51,0.6197,66773.948761,3
