time,open,high,low,close,volume,strategy_signal
2025-06-05 16:58:00,104674.65,104674.65,104666.18,104666.18,1.9895,0
2025-06-05 16:59:00,104666.18,104674.65,104666.18,104674.65,3.1662,0
2025-06-05 17:00:00,104674.65,104688.75,104674.65,104688.75,3.5167,0
2025-06-05 17:01:00,104688.75,104711.31,104688.75,104698.15,9.7577,0
2025-06-05 17:02:00,104698.15,104698.15,104698.15,104698.15,0.7873,0
2025-06-05 17:03:00,104698.15,104727.29,104698.15,104719.76,10.3432,0
2025-06-05 17:04:00,104719.76,104719.76,104719.76,104719.76,2.7005,0
2025-06-05 17:05:00,104719.76,104719.76,104719.76,104719.76,1.7167,0
2025-06-05 17:06:00,104719.76,104750.79,104719.76,104750.79,3.3999,0
2025-06-05 17:07:00,104750.79,104784.62,104750.79,104784.62,9.0652,0
2025-06-05 17:08:00,104784.62,104784.62,104767.7,104767.7,3.8511,0
2025-06-05 17:09:00,104767.71,104767.71,104750.78,104750.79,31.5969,0
2025-06-05 17:10:00,104750.79,104750.79,104743.36,104743.83,0.6374,0
2025-06-05 17:12:00,104747.97,104747.97,104742.33,104742.33,16.874,0
2025-06-05 17:13:00,104742.33,104742.33,104727.28,104727.29,4.6911000000000005,0
2025-06-05 17:14:00,104727.29,104744.2,104727.29,104744.2,7.425,0
2025-06-05 17:15:00,104744.2,104745.15,104744.2,104745.15,15.7646,0
2025-06-05 17:16:00,104745.15,104789.33,104744.2,104769.59,59.144,0
2025-06-05 17:17:00,104769.59,104769.59,104769.59,104769.59,11.7202,0
2025-06-05 17:18:00,104769.59,104785.56,104769.59,104785.56,15.4174,0
2025-06-05 17:19:00,104785.56,104817.53,104785.56,104813.76,12.4339,0
2025-06-05 17:20:00,104813.76,104813.76,104812.83,104812.83,4.7582,0
2025-06-05 17:21:00,104812.83,104831.14,104812.83,104817.53,24.0061,0
2025-06-05 17:22:00,104817.53,104817.53,104805.31,104805.31,8.0957,0
2025-06-05 17:23:00,104805.31,104805.31,104759.25,104759.25,54.0161,0
2025-06-05 17:24:00,104759.25,104780.87,104759.25,104778.98,11.0805,0
2025-06-05 17:25:00,104778.98,104789.33,104778.98,104789.33,0.9525,0
2025-06-05 17:26:00,104789.33,104799.67,104789.33,104799.67,3.0912,0
2025-06-05 17:27:00,104799.67,104799.67,104778.98,104778.98,7.1325,0
2025-06-05 17:28:00,104773.34,104773.34,104767.7,104767.7,4.2319,0
2025-06-05 17:29:00,104767.7,104767.7,104754.54,104754.54,2.3078,0
2025-06-05 17:30:00,104754.54,104765.83,104754.54,104765.83,3.1075,0
2025-06-05 17:31:00,104765.83,104765.84,104765.83,104765.84,3.1413,0
2025-06-05 17:32:00,104765.84,104765.84,104682.17,104682.17,23.8065,0
2025-06-05 17:33:00,104677.47,104697.2,104676.53,104697.2,4.8441,0
2025-06-05 17:34:00,104697.2,104697.2,104697.2,104697.2,14.0397,0
2025-06-05 17:35:00,104697.2,104733.87,104697.2,104733.87,12.3538,0
2025-06-05 17:36:00,104733.87,104737.62,104715.06,104715.06,13.6503,0
2025-06-05 17:37:00,104715.06,104729.97,104715.06,104715.06,11.261,0
2025-06-05 17:38:00,104715.06,104731.04,104715.06,104731.04,6.9828,0
2025-06-05 17:39:00,104731.04,104731.04,104731.04,104731.04,1.369,0
2025-06-05 17:40:00,104731.04,104751.73,104731.04,104751.73,8.866999999999999,0
2025-06-05 17:41:00,104751.73,104807.18,104751.73,104807.18,7.2792,0
2025-06-05 17:42:00,104807.18,104807.18,104807.18,104807.18,12.5549,0
2025-06-05 17:43:00,104807.18,104814.7,104807.18,104814.7,7.8266,0
2025-06-05 17:44:00,104814.7,104814.7,104814.7,104814.7,3.516,0
2025-06-05 17:45:00,104814.7,104864.53,104814.7,104864.53,2.7565,0
2025-06-05 17:46:00,104864.53,104890.84,104864.53,104881.45,19.8739,0
2025-06-05 17:47:00,104881.45,104919.98,104881.45,104912.47,28.9808,0
2025-06-05 17:48:00,104899.31,104908.7,104888.97,104888.97,3.2513,0
2025-06-05 17:49:00,104888.97,104888.97,104877.68,104877.68,37.0031,0
2025-06-05 17:50:00,104877.68,104892.6,104872.98,104891.79,22.7591,0
2025-06-05 17:51:00,104891.79,104906.83,104890.25,104890.25,5.8904,0
2025-06-05 17:52:00,104890.25,104890.25,104883.33,104883.33,6.0106,0
2025-06-05 17:53:00,104883.33,104883.33,104870.17,104882.39,9.208,0
2025-06-05 17:54:00,104882.39,104882.39,104872.04,104872.04,9.7164,0
2025-06-05 17:55:00,104872.04,104872.04,104860.76,104870.17,3.3836,0
2025-06-05 17:56:00,104870.17,104870.17,104870.17,104870.17,2.6236,0
2025-06-05 17:57:00,104870.17,104870.17,104870.17,104870.17,1.1368,0
2025-06-05 17:58:00,104870.17,104911.53,104870.16,104911.53,15.0374,0
2025-06-05 17:59:00,104911.53,104911.53,104899.31,104899.31,3.7955,0
2025-06-05 18:00:00,104899.31,104899.31,104879.56,104879.56,8.7734,0
2025-06-05 18:01:00,104879.56,104879.56,104848.54,104848.54,7.8846,0
2025-06-05 18:02:00,104848.54,104854.18,104828.81,104846.67,13.1355,0
2025-06-05 18:03:00,104846.67,104846.67,104843.84,104843.84,2.7034,0
2025-06-05 18:04:00,104843.84,104874.87,104843.84,104874.87,1.2315,0
2025-06-05 18:05:00,104874.87,104874.87,104838.2,104838.2,2.5342,0
2025-06-05 18:06:00,104838.2,104861.7,104833.83,104861.7,4.4801,0
2025-06-05 18:07:00,104861.7,104870.17,104861.7,104870.17,4.7125,0
2025-06-05 18:08:00,104870.17,104874.87,104870.17,104874.87,0.6549,0
2025-06-05 18:09:00,104874.87,104879.56,104874.87,104879.56,2.0481,0
2025-06-05 18:10:00,104879.56,104879.56,104851.37,104851.37,8.0752,0
2025-06-05 18:11:00,104851.37,104851.37,104851.37,104851.37,6.8641000000000005,0
2025-06-05 18:12:00,104851.37,104851.37,104833.51,104833.51,1.533,0
2025-06-05 18:13:00,104833.51,104845.73,104833.51,104845.73,10.0419,0
2025-06-05 18:14:00,104845.73,104845.73,104824.11,104824.11,3.653,0
2025-06-05 18:15:00,104824.11,104834.45,104824.11,104834.45,8.5208,0
2025-06-05 18:16:00,104834.45,104834.45,104803.43,104803.43,10.4793,0
2025-06-05 18:17:00,104803.43,104803.43,104747.03,104754.54,28.7819,0
2025-06-05 18:18:00,104754.54,104754.54,104749.84,104749.84,5.5652,0
2025-06-05 18:19:00,104749.84,104796.84,104749.84,104796.84,39.5116,0
2025-06-05 18:20:00,104796.84,104796.84,104782.75,104782.75,6.2245,0
2025-06-05 18:21:00,104782.75,104782.75,104762.06,104781.81,10.0239,0
2025-06-05 18:22:00,104781.81,104781.81,104754.54,104754.54,14.3194,0
2025-06-05 18:23:00,104754.54,104754.54,104749.84,104754.54,2.0047,0
2025-06-05 18:24:00,104754.54,104754.55,104754.54,104754.54,0.873,0
2025-06-05 18:25:00,104754.54,104754.54,104713.18,104713.18,22.8856,0
2025-06-05 18:26:00,104707.54,104707.75,104694.39,104706.73,4.8545,0
2025-06-05 18:27:00,104706.73,104706.73,104700.03,104700.03,3.075,0
2025-06-05 18:28:00,104700.03,104706.61,104699.09,104699.09,2.1708,0
2025-06-05 18:29:00,104699.09,104699.09,104699.09,104699.09,2.3111,0
2025-06-05 18:30:00,104699.09,104706.61,104694.39,104706.61,4.7378,0
2025-06-05 18:31:00,104706.61,104713.18,104706.61,104713.18,7.8383,0
2025-06-05 18:32:00,104713.18,104731.98,104713.18,104731.98,6.7498000000000005,0
2025-06-05 18:33:00,104731.98,104731.98,104724.47,104724.47,9.1434,0
2025-06-05 18:34:00,104724.47,104724.47,104713.18,104713.18,1.6111,0
2025-06-05 18:37:00,104715.06,104715.06,104704.73,104704.73,8.5198,0
2025-06-05 18:38:00,104704.73,104724.47,104639.87,104639.87,8.4239,0
2025-06-05 18:39:00,104614.48,104623.89,104545.87,104558.09,75.2499,0
2025-06-05 18:40:00,104558.09,104590.04,104558.09,104575.95,14.9388,0
2025-06-05 18:41:00,104575.95,104584.4,104539.29,104539.29,28.2896,0
2025-06-05 18:42:00,104539.29,104561.84,104518.61,104561.84,19.7159,0
2025-06-05 18:43:00,104561.84,104575.01,104561.84,104575.01,3.9775,0
2025-06-05 18:44:00,104575.01,104575.01,104529.89,104571.25,9.1363,0
2025-06-05 18:45:00,104571.25,104604.15,104571.25,104604.15,9.2451,0
2025-06-05 18:46:00,104604.15,104604.15,104519.54,104519.54,14.4723,0
2025-06-05 18:47:00,104519.54,104549.62,104516.73,104549.62,9.9671,0
2025-06-05 18:48:00,104549.62,104567.48,104549.62,104567.48,5.1664,0
2025-06-05 18:49:00,104567.48,104612.61,104567.48,104603.2,11.0727,0
2025-06-05 18:50:00,104603.2,104615.43,104603.2,104604.15,13.4181,0
2025-06-05 18:51:00,104604.15,104612.61,104604.15,104612.61,4.248,0
2025-06-05 18:52:00,104612.61,104620.12,104612.61,104620.12,3.5838,0
2025-06-05 18:53:00,104620.12,104631.4,104620.12,104631.4,1.8494,0
2025-06-05 18:54:00,104631.4,104654.9,104631.4,104652.09,26.8195,0
2025-06-05 18:55:00,104652.09,104674.65,104652.08,104674.65,18.369,0
2025-06-05 18:56:00,104674.65,104674.65,104655.84,104655.84,11.7015,0
2025-06-05 18:57:00,104655.84,104655.84,104636.11,104636.11,8.1752,0
2025-06-05 18:58:00,104636.11,104658.67,104636.11,104658.67,2.2374,0
2025-06-05 18:59:00,104658.67,104658.67,104658.67,104658.67,1.318,0
2025-06-05 19:00:00,104658.67,104658.67,104645.51,104645.51,8.0767,0
2025-06-05 19:01:00,104645.51,104671.83,104645.51,104671.83,14.6687,0
2025-06-05 19:02:00,104671.83,104671.83,104649.26,104649.26,3.9938,0
2025-06-05 19:03:00,104649.26,104649.26,104621.06,104644.56,6.9479,0
2025-06-05 19:04:00,104644.56,104644.56,104644.56,104644.56,2.8714,0
2025-06-05 19:05:00,104644.56,104693.45,104640.81,104683.11,6.8293,0
2025-06-05 19:06:00,104677.47,104677.47,104646.45,104651.15,3.844,0
2025-06-05 19:07:00,104651.15,104658.67,104651.15,104658.67,6.2141,0
2025-06-05 19:08:00,104658.67,104658.67,104631.4,104631.4,3.8134,0
2025-06-05 19:09:00,104631.4,104639.87,104628.59,104628.59,5.0555,0
